chunk_id,title,module,concepts,content,tags,difficulty,source_type
DS-CHUNK-00001,绪论与复杂度分析模块概览,绪论与复杂度分析,算法与数据结构关系|抽象数据类型ADT|时间复杂度|空间复杂度|渐进记号|最好最坏平均情况|递归复杂度,绪论与复杂度分析是数据结构课程的重要模块，包含算法与数据结构关系、抽象数据类型ADT、时间复杂度、空间复杂度、渐进记号、最好最坏平均情况、递归复杂度等知识点。学习该模块时，应从定义、逻辑结构、存储结构、基本操作、复杂度、应用场景和易错点七个维度建立知识。,模块概览|数据结构|课程知识库,基础,原创课程资料
DS-CHUNK-00002,算法与数据结构关系：定义与核心思想,绪论与复杂度分析,算法与数据结构关系,算法与数据结构关系的核心定义：数据结构研究数据元素之间的逻辑关系、存储表示和基本操作；算法是在特定数据结构上解决问题的有限步骤。二者共同决定程序的可理解性、可维护性和运行效率。 学习时需要区分它的逻辑结构和存储结构，并说明它解决了什么问题。,定义|核心概念|绪论与复杂度分析,基础,原创课程资料
DS-CHUNK-00003,算法与数据结构关系：复杂度与适用场景,绪论与复杂度分析,算法与数据结构关系,算法与数据结构关系的复杂度分析应围绕关键操作展开。一般可关注：需要结合具体操作分析；需要结合具体实现分析。适用场景：课程练习与工程场景。判断能否使用该结构或算法时，必须检查输入规模、数据分布、是否有序、是否允许额外空间、是否要求稳定性等条件。,复杂度|适用场景|绪论与复杂度分析,提高,原创课程资料
DS-CHUNK-00004,算法与数据结构关系：易错点与诊断问题,绪论与复杂度分析,算法与数据结构关系,学习算法与数据结构关系时常见问题包括：概念条件记忆不完整、边界条件处理不严谨、复杂度只背结论不解释原因、与相似知识点混淆。诊断时可追问：它的输入条件是什么？核心操作是什么？最坏情况如何出现？与相近结构相比优势和代价分别是什么？,易错点|诊断|绪论与复杂度分析,诊断,原创课程资料
DS-CHUNK-00005,抽象数据类型ADT：定义与核心思想,绪论与复杂度分析,抽象数据类型ADT,抽象数据类型ADT的核心定义：抽象数据类型用数据对象、数据关系和基本操作描述一种逻辑模型，强调“做什么”而不是“如何存储”。 学习时需要区分它的逻辑结构和存储结构，并说明它解决了什么问题。,定义|核心概念|绪论与复杂度分析,基础,原创课程资料
DS-CHUNK-00006,抽象数据类型ADT：复杂度与适用场景,绪论与复杂度分析,抽象数据类型ADT,抽象数据类型ADT的复杂度分析应围绕关键操作展开。一般可关注：需要结合具体操作分析；需要结合具体实现分析。适用场景：课程练习与工程场景。判断能否使用该结构或算法时，必须检查输入规模、数据分布、是否有序、是否允许额外空间、是否要求稳定性等条件。,复杂度|适用场景|绪论与复杂度分析,提高,原创课程资料
DS-CHUNK-00007,抽象数据类型ADT：易错点与诊断问题,绪论与复杂度分析,抽象数据类型ADT,学习抽象数据类型ADT时常见问题包括：概念条件记忆不完整、边界条件处理不严谨、复杂度只背结论不解释原因、与相似知识点混淆。诊断时可追问：它的输入条件是什么？核心操作是什么？最坏情况如何出现？与相近结构相比优势和代价分别是什么？,易错点|诊断|绪论与复杂度分析,诊断,原创课程资料
DS-CHUNK-00008,时间复杂度：定义与核心思想,绪论与复杂度分析,时间复杂度,时间复杂度的核心定义：时间复杂度用于估计算法运行时间随输入规模增长的变化趋势，通常用基本操作执行次数的数量级表示。 学习时需要区分它的逻辑结构和存储结构，并说明它解决了什么问题。,定义|核心概念|绪论与复杂度分析,基础,原创课程资料
DS-CHUNK-00009,时间复杂度：复杂度与适用场景,绪论与复杂度分析,时间复杂度,时间复杂度的复杂度分析应围绕关键操作展开。一般可关注：需要结合具体操作分析；需要结合具体实现分析。适用场景：课程练习与工程场景。判断能否使用该结构或算法时，必须检查输入规模、数据分布、是否有序、是否允许额外空间、是否要求稳定性等条件。,复杂度|适用场景|绪论与复杂度分析,提高,原创课程资料
DS-CHUNK-00010,时间复杂度：易错点与诊断问题,绪论与复杂度分析,时间复杂度,学习时间复杂度时常见问题包括：概念条件记忆不完整、边界条件处理不严谨、复杂度只背结论不解释原因、与相似知识点混淆。诊断时可追问：它的输入条件是什么？核心操作是什么？最坏情况如何出现？与相近结构相比优势和代价分别是什么？,易错点|诊断|绪论与复杂度分析,诊断,原创课程资料
DS-CHUNK-00011,空间复杂度：定义与核心思想,绪论与复杂度分析,空间复杂度,空间复杂度的核心定义：空间复杂度用于估计算法在运行过程中额外占用存储空间随输入规模增长的变化趋势。 学习时需要区分它的逻辑结构和存储结构，并说明它解决了什么问题。,定义|核心概念|绪论与复杂度分析,基础,原创课程资料
DS-CHUNK-00012,空间复杂度：复杂度与适用场景,绪论与复杂度分析,空间复杂度,空间复杂度的复杂度分析应围绕关键操作展开。一般可关注：需要结合具体操作分析；需要结合具体实现分析。适用场景：课程练习与工程场景。判断能否使用该结构或算法时，必须检查输入规模、数据分布、是否有序、是否允许额外空间、是否要求稳定性等条件。,复杂度|适用场景|绪论与复杂度分析,提高,原创课程资料
DS-CHUNK-00013,空间复杂度：易错点与诊断问题,绪论与复杂度分析,空间复杂度,学习空间复杂度时常见问题包括：概念条件记忆不完整、边界条件处理不严谨、复杂度只背结论不解释原因、与相似知识点混淆。诊断时可追问：它的输入条件是什么？核心操作是什么？最坏情况如何出现？与相近结构相比优势和代价分别是什么？,易错点|诊断|绪论与复杂度分析,诊断,原创课程资料
DS-CHUNK-00014,渐进记号：定义与核心思想,绪论与复杂度分析,渐进记号,渐进记号的核心定义：渐进记号包括 O、Ω、Θ 等，用于忽略常数因子和低阶项，描述算法复杂度的增长上界、下界或紧确界。 学习时需要区分它的逻辑结构和存储结构，并说明它解决了什么问题。,定义|核心概念|绪论与复杂度分析,基础,原创课程资料
DS-CHUNK-00015,渐进记号：复杂度与适用场景,绪论与复杂度分析,渐进记号,渐进记号的复杂度分析应围绕关键操作展开。一般可关注：需要结合具体操作分析；需要结合具体实现分析。适用场景：课程练习与工程场景。判断能否使用该结构或算法时，必须检查输入规模、数据分布、是否有序、是否允许额外空间、是否要求稳定性等条件。,复杂度|适用场景|绪论与复杂度分析,提高,原创课程资料
DS-CHUNK-00016,渐进记号：易错点与诊断问题,绪论与复杂度分析,渐进记号,学习渐进记号时常见问题包括：概念条件记忆不完整、边界条件处理不严谨、复杂度只背结论不解释原因、与相似知识点混淆。诊断时可追问：它的输入条件是什么？核心操作是什么？最坏情况如何出现？与相近结构相比优势和代价分别是什么？,易错点|诊断|绪论与复杂度分析,诊断,原创课程资料
DS-CHUNK-00017,最好最坏平均情况：定义与核心思想,绪论与复杂度分析,最好最坏平均情况,最好最坏平均情况的核心定义：最好最坏平均情况是数据结构课程中的核心知识点，需要从定义、存储方式、基本操作、复杂度、典型应用和易错点六个方面掌握。 学习时需要区分它的逻辑结构和存储结构，并说明它解决了什么问题。,定义|核心概念|绪论与复杂度分析,基础,原创课程资料
DS-CHUNK-00018,最好最坏平均情况：复杂度与适用场景,绪论与复杂度分析,最好最坏平均情况,最好最坏平均情况的复杂度分析应围绕关键操作展开。一般可关注：需要结合具体操作分析；需要结合具体实现分析。适用场景：课程练习与工程场景。判断能否使用该结构或算法时，必须检查输入规模、数据分布、是否有序、是否允许额外空间、是否要求稳定性等条件。,复杂度|适用场景|绪论与复杂度分析,提高,原创课程资料
DS-CHUNK-00019,最好最坏平均情况：易错点与诊断问题,绪论与复杂度分析,最好最坏平均情况,学习最好最坏平均情况时常见问题包括：概念条件记忆不完整、边界条件处理不严谨、复杂度只背结论不解释原因、与相似知识点混淆。诊断时可追问：它的输入条件是什么？核心操作是什么？最坏情况如何出现？与相近结构相比优势和代价分别是什么？,易错点|诊断|绪论与复杂度分析,诊断,原创课程资料
DS-CHUNK-00020,递归复杂度：定义与核心思想,绪论与复杂度分析,递归复杂度,递归复杂度的核心定义：递归复杂度是数据结构课程中的核心知识点，需要从定义、存储方式、基本操作、复杂度、典型应用和易错点六个方面掌握。 学习时需要区分它的逻辑结构和存储结构，并说明它解决了什么问题。,定义|核心概念|绪论与复杂度分析,基础,原创课程资料
DS-CHUNK-00021,递归复杂度：复杂度与适用场景,绪论与复杂度分析,递归复杂度,递归复杂度的复杂度分析应围绕关键操作展开。一般可关注：需要结合具体操作分析；需要结合具体实现分析。适用场景：课程练习与工程场景。判断能否使用该结构或算法时，必须检查输入规模、数据分布、是否有序、是否允许额外空间、是否要求稳定性等条件。,复杂度|适用场景|绪论与复杂度分析,提高,原创课程资料
DS-CHUNK-00022,递归复杂度：易错点与诊断问题,绪论与复杂度分析,递归复杂度,学习递归复杂度时常见问题包括：概念条件记忆不完整、边界条件处理不严谨、复杂度只背结论不解释原因、与相似知识点混淆。诊断时可追问：它的输入条件是什么？核心操作是什么？最坏情况如何出现？与相近结构相比优势和代价分别是什么？,易错点|诊断|绪论与复杂度分析,诊断,原创课程资料
DS-CHUNK-00023,线性表模块概览,线性表,顺序表|单链表|双向链表|循环链表|静态链表|线性表基本操作|链表边界条件,线性表是数据结构课程的重要模块，包含顺序表、单链表、双向链表、循环链表、静态链表、线性表基本操作、链表边界条件等知识点。学习该模块时，应从定义、逻辑结构、存储结构、基本操作、复杂度、应用场景和易错点七个维度建立知识。,模块概览|数据结构|课程知识库,基础,原创课程资料
DS-CHUNK-00024,顺序表：定义与核心思想,线性表,顺序表,顺序表的核心定义：顺序表使用一段地址连续的存储单元依次存放线性表元素，支持随机访问，但插入和删除通常需要移动元素。 学习时需要区分它的逻辑结构和存储结构，并说明它解决了什么问题。,定义|核心概念|线性表,基础,原创课程资料
DS-CHUNK-00025,顺序表：复杂度与适用场景,线性表,顺序表,顺序表的复杂度分析应围绕关键操作展开。一般可关注：访问 O(1)；插入/删除 O(n)。适用场景：适合随机访问多、修改少的场景。判断能否使用该结构或算法时，必须检查输入规模、数据分布、是否有序、是否允许额外空间、是否要求稳定性等条件。,复杂度|适用场景|线性表,提高,原创课程资料
DS-CHUNK-00026,顺序表：易错点与诊断问题,线性表,顺序表,学习顺序表时常见问题包括：概念条件记忆不完整、边界条件处理不严谨、复杂度只背结论不解释原因、与相似知识点混淆。诊断时可追问：它的输入条件是什么？核心操作是什么？最坏情况如何出现？与相近结构相比优势和代价分别是什么？,易错点|诊断|线性表,诊断,原创课程资料
DS-CHUNK-00027,单链表：定义与核心思想,线性表,单链表,单链表的核心定义：单链表由若干结点组成，每个结点包含数据域和指针域，指针域指向后继结点，适合频繁插入删除但不支持按下标高效随机访问。 学习时需要区分它的逻辑结构和存储结构，并说明它解决了什么问题。,定义|核心概念|线性表,基础,原创课程资料
DS-CHUNK-00028,单链表：复杂度与适用场景,线性表,单链表,单链表的复杂度分析应围绕关键操作展开。一般可关注：按位访问 O(n)；插入/删除给定位置后继 O(1)。适用场景：适合频繁插入删除的场景。判断能否使用该结构或算法时，必须检查输入规模、数据分布、是否有序、是否允许额外空间、是否要求稳定性等条件。,复杂度|适用场景|线性表,提高,原创课程资料
DS-CHUNK-00029,单链表：易错点与诊断问题,线性表,单链表,学习单链表时常见问题包括：概念条件记忆不完整、边界条件处理不严谨、复杂度只背结论不解释原因、与相似知识点混淆。诊断时可追问：它的输入条件是什么？核心操作是什么？最坏情况如何出现？与相近结构相比优势和代价分别是什么？,易错点|诊断|线性表,诊断,原创课程资料
DS-CHUNK-00030,双向链表：定义与核心思想,线性表,双向链表,双向链表的核心定义：双向链表的结点同时保存前驱和后继指针，能够从两个方向遍历，删除给定结点更方便，但指针开销更大。 学习时需要区分它的逻辑结构和存储结构，并说明它解决了什么问题。,定义|核心概念|线性表,基础,原创课程资料
DS-CHUNK-00031,双向链表：复杂度与适用场景,线性表,双向链表,双向链表的复杂度分析应围绕关键操作展开。一般可关注：需要结合具体操作分析；需要结合具体实现分析。适用场景：课程练习与工程场景。判断能否使用该结构或算法时，必须检查输入规模、数据分布、是否有序、是否允许额外空间、是否要求稳定性等条件。,复杂度|适用场景|线性表,提高,原创课程资料
DS-CHUNK-00032,双向链表：易错点与诊断问题,线性表,双向链表,学习双向链表时常见问题包括：概念条件记忆不完整、边界条件处理不严谨、复杂度只背结论不解释原因、与相似知识点混淆。诊断时可追问：它的输入条件是什么？核心操作是什么？最坏情况如何出现？与相近结构相比优势和代价分别是什么？,易错点|诊断|线性表,诊断,原创课程资料
DS-CHUNK-00033,循环链表：定义与核心思想,线性表,循环链表,循环链表的核心定义：循环链表将尾结点指针指向头结点或首元结点，使链表首尾相接，适合循环处理场景。 学习时需要区分它的逻辑结构和存储结构，并说明它解决了什么问题。,定义|核心概念|线性表,基础,原创课程资料
DS-CHUNK-00034,循环链表：复杂度与适用场景,线性表,循环链表,循环链表的复杂度分析应围绕关键操作展开。一般可关注：需要结合具体操作分析；需要结合具体实现分析。适用场景：课程练习与工程场景。判断能否使用该结构或算法时，必须检查输入规模、数据分布、是否有序、是否允许额外空间、是否要求稳定性等条件。,复杂度|适用场景|线性表,提高,原创课程资料
DS-CHUNK-00035,循环链表：易错点与诊断问题,线性表,循环链表,学习循环链表时常见问题包括：概念条件记忆不完整、边界条件处理不严谨、复杂度只背结论不解释原因、与相似知识点混淆。诊断时可追问：它的输入条件是什么？核心操作是什么？最坏情况如何出现？与相近结构相比优势和代价分别是什么？,易错点|诊断|线性表,诊断,原创课程资料
DS-CHUNK-00036,静态链表：定义与核心思想,线性表,静态链表,静态链表的核心定义：静态链表是数据结构课程中的核心知识点，需要从定义、存储方式、基本操作、复杂度、典型应用和易错点六个方面掌握。 学习时需要区分它的逻辑结构和存储结构，并说明它解决了什么问题。,定义|核心概念|线性表,基础,原创课程资料
DS-CHUNK-00037,静态链表：复杂度与适用场景,线性表,静态链表,静态链表的复杂度分析应围绕关键操作展开。一般可关注：需要结合具体操作分析；需要结合具体实现分析。适用场景：课程练习与工程场景。判断能否使用该结构或算法时，必须检查输入规模、数据分布、是否有序、是否允许额外空间、是否要求稳定性等条件。,复杂度|适用场景|线性表,提高,原创课程资料
DS-CHUNK-00038,静态链表：易错点与诊断问题,线性表,静态链表,学习静态链表时常见问题包括：概念条件记忆不完整、边界条件处理不严谨、复杂度只背结论不解释原因、与相似知识点混淆。诊断时可追问：它的输入条件是什么？核心操作是什么？最坏情况如何出现？与相近结构相比优势和代价分别是什么？,易错点|诊断|线性表,诊断,原创课程资料
DS-CHUNK-00039,线性表基本操作：定义与核心思想,线性表,线性表基本操作,线性表基本操作的核心定义：线性表基本操作是数据结构课程中的核心知识点，需要从定义、存储方式、基本操作、复杂度、典型应用和易错点六个方面掌握。 学习时需要区分它的逻辑结构和存储结构，并说明它解决了什么问题。,定义|核心概念|线性表,基础,原创课程资料
DS-CHUNK-00040,线性表基本操作：复杂度与适用场景,线性表,线性表基本操作,线性表基本操作的复杂度分析应围绕关键操作展开。一般可关注：需要结合具体操作分析；需要结合具体实现分析。适用场景：课程练习与工程场景。判断能否使用该结构或算法时，必须检查输入规模、数据分布、是否有序、是否允许额外空间、是否要求稳定性等条件。,复杂度|适用场景|线性表,提高,原创课程资料
DS-CHUNK-00041,线性表基本操作：易错点与诊断问题,线性表,线性表基本操作,学习线性表基本操作时常见问题包括：概念条件记忆不完整、边界条件处理不严谨、复杂度只背结论不解释原因、与相似知识点混淆。诊断时可追问：它的输入条件是什么？核心操作是什么？最坏情况如何出现？与相近结构相比优势和代价分别是什么？,易错点|诊断|线性表,诊断,原创课程资料
DS-CHUNK-00042,链表边界条件：定义与核心思想,线性表,链表边界条件,链表边界条件的核心定义：链表边界条件是数据结构课程中的核心知识点，需要从定义、存储方式、基本操作、复杂度、典型应用和易错点六个方面掌握。 学习时需要区分它的逻辑结构和存储结构，并说明它解决了什么问题。,定义|核心概念|线性表,基础,原创课程资料
DS-CHUNK-00043,链表边界条件：复杂度与适用场景,线性表,链表边界条件,链表边界条件的复杂度分析应围绕关键操作展开。一般可关注：需要结合具体操作分析；需要结合具体实现分析。适用场景：课程练习与工程场景。判断能否使用该结构或算法时，必须检查输入规模、数据分布、是否有序、是否允许额外空间、是否要求稳定性等条件。,复杂度|适用场景|线性表,提高,原创课程资料
DS-CHUNK-00044,链表边界条件：易错点与诊断问题,线性表,链表边界条件,学习链表边界条件时常见问题包括：概念条件记忆不完整、边界条件处理不严谨、复杂度只背结论不解释原因、与相似知识点混淆。诊断时可追问：它的输入条件是什么？核心操作是什么？最坏情况如何出现？与相近结构相比优势和代价分别是什么？,易错点|诊断|线性表,诊断,原创课程资料
DS-CHUNK-00045,栈与队列模块概览,栈与队列,栈|顺序栈|链栈|表达式求值|括号匹配|递归与栈|队列|循环队列|链队列|双端队列,栈与队列是数据结构课程的重要模块，包含栈、顺序栈、链栈、表达式求值、括号匹配、递归与栈、队列、循环队列、链队列、双端队列等知识点。学习该模块时，应从定义、逻辑结构、存储结构、基本操作、复杂度、应用场景和易错点七个维度建立知识。,模块概览|数据结构|课程知识库,基础,原创课程资料
DS-CHUNK-00046,栈：定义与核心思想,栈与队列,栈,栈的核心定义：栈是只允许在一端进行插入和删除的线性结构，具有后进先出特性。 学习时需要区分它的逻辑结构和存储结构，并说明它解决了什么问题。,定义|核心概念|栈与队列,基础,原创课程资料
DS-CHUNK-00047,栈：复杂度与适用场景,栈与队列,栈,栈的复杂度分析应围绕关键操作展开。一般可关注：入栈 O(1)；出栈 O(1)。适用场景：表达式求值、括号匹配、递归模拟。判断能否使用该结构或算法时，必须检查输入规模、数据分布、是否有序、是否允许额外空间、是否要求稳定性等条件。,复杂度|适用场景|栈与队列,提高,原创课程资料
DS-CHUNK-00048,栈：易错点与诊断问题,栈与队列,栈,学习栈时常见问题包括：概念条件记忆不完整、边界条件处理不严谨、复杂度只背结论不解释原因、与相似知识点混淆。诊断时可追问：它的输入条件是什么？核心操作是什么？最坏情况如何出现？与相近结构相比优势和代价分别是什么？,易错点|诊断|栈与队列,诊断,原创课程资料
DS-CHUNK-00049,顺序栈：定义与核心思想,栈与队列,顺序栈,顺序栈的核心定义：顺序栈是数据结构课程中的核心知识点，需要从定义、存储方式、基本操作、复杂度、典型应用和易错点六个方面掌握。 学习时需要区分它的逻辑结构和存储结构，并说明它解决了什么问题。,定义|核心概念|栈与队列,基础,原创课程资料
DS-CHUNK-00050,顺序栈：复杂度与适用场景,栈与队列,顺序栈,顺序栈的复杂度分析应围绕关键操作展开。一般可关注：需要结合具体操作分析；需要结合具体实现分析。适用场景：课程练习与工程场景。判断能否使用该结构或算法时，必须检查输入规模、数据分布、是否有序、是否允许额外空间、是否要求稳定性等条件。,复杂度|适用场景|栈与队列,提高,原创课程资料
DS-CHUNK-00051,顺序栈：易错点与诊断问题,栈与队列,顺序栈,学习顺序栈时常见问题包括：概念条件记忆不完整、边界条件处理不严谨、复杂度只背结论不解释原因、与相似知识点混淆。诊断时可追问：它的输入条件是什么？核心操作是什么？最坏情况如何出现？与相近结构相比优势和代价分别是什么？,易错点|诊断|栈与队列,诊断,原创课程资料
DS-CHUNK-00052,链栈：定义与核心思想,栈与队列,链栈,链栈的核心定义：链栈是数据结构课程中的核心知识点，需要从定义、存储方式、基本操作、复杂度、典型应用和易错点六个方面掌握。 学习时需要区分它的逻辑结构和存储结构，并说明它解决了什么问题。,定义|核心概念|栈与队列,基础,原创课程资料
DS-CHUNK-00053,链栈：复杂度与适用场景,栈与队列,链栈,链栈的复杂度分析应围绕关键操作展开。一般可关注：需要结合具体操作分析；需要结合具体实现分析。适用场景：课程练习与工程场景。判断能否使用该结构或算法时，必须检查输入规模、数据分布、是否有序、是否允许额外空间、是否要求稳定性等条件。,复杂度|适用场景|栈与队列,提高,原创课程资料
DS-CHUNK-00054,链栈：易错点与诊断问题,栈与队列,链栈,学习链栈时常见问题包括：概念条件记忆不完整、边界条件处理不严谨、复杂度只背结论不解释原因、与相似知识点混淆。诊断时可追问：它的输入条件是什么？核心操作是什么？最坏情况如何出现？与相近结构相比优势和代价分别是什么？,易错点|诊断|栈与队列,诊断,原创课程资料
DS-CHUNK-00055,表达式求值：定义与核心思想,栈与队列,表达式求值,表达式求值的核心定义：表达式求值是数据结构课程中的核心知识点，需要从定义、存储方式、基本操作、复杂度、典型应用和易错点六个方面掌握。 学习时需要区分它的逻辑结构和存储结构，并说明它解决了什么问题。,定义|核心概念|栈与队列,基础,原创课程资料
DS-CHUNK-00056,表达式求值：复杂度与适用场景,栈与队列,表达式求值,表达式求值的复杂度分析应围绕关键操作展开。一般可关注：需要结合具体操作分析；需要结合具体实现分析。适用场景：课程练习与工程场景。判断能否使用该结构或算法时，必须检查输入规模、数据分布、是否有序、是否允许额外空间、是否要求稳定性等条件。,复杂度|适用场景|栈与队列,提高,原创课程资料
DS-CHUNK-00057,表达式求值：易错点与诊断问题,栈与队列,表达式求值,学习表达式求值时常见问题包括：概念条件记忆不完整、边界条件处理不严谨、复杂度只背结论不解释原因、与相似知识点混淆。诊断时可追问：它的输入条件是什么？核心操作是什么？最坏情况如何出现？与相近结构相比优势和代价分别是什么？,易错点|诊断|栈与队列,诊断,原创课程资料
DS-CHUNK-00058,括号匹配：定义与核心思想,栈与队列,括号匹配,括号匹配的核心定义：括号匹配是数据结构课程中的核心知识点，需要从定义、存储方式、基本操作、复杂度、典型应用和易错点六个方面掌握。 学习时需要区分它的逻辑结构和存储结构，并说明它解决了什么问题。,定义|核心概念|栈与队列,基础,原创课程资料
DS-CHUNK-00059,括号匹配：复杂度与适用场景,栈与队列,括号匹配,括号匹配的复杂度分析应围绕关键操作展开。一般可关注：需要结合具体操作分析；需要结合具体实现分析。适用场景：课程练习与工程场景。判断能否使用该结构或算法时，必须检查输入规模、数据分布、是否有序、是否允许额外空间、是否要求稳定性等条件。,复杂度|适用场景|栈与队列,提高,原创课程资料
DS-CHUNK-00060,括号匹配：易错点与诊断问题,栈与队列,括号匹配,学习括号匹配时常见问题包括：概念条件记忆不完整、边界条件处理不严谨、复杂度只背结论不解释原因、与相似知识点混淆。诊断时可追问：它的输入条件是什么？核心操作是什么？最坏情况如何出现？与相近结构相比优势和代价分别是什么？,易错点|诊断|栈与队列,诊断,原创课程资料
DS-CHUNK-00061,递归与栈：定义与核心思想,栈与队列,递归与栈,递归与栈的核心定义：递归与栈是数据结构课程中的核心知识点，需要从定义、存储方式、基本操作、复杂度、典型应用和易错点六个方面掌握。 学习时需要区分它的逻辑结构和存储结构，并说明它解决了什么问题。,定义|核心概念|栈与队列,基础,原创课程资料
DS-CHUNK-00062,递归与栈：复杂度与适用场景,栈与队列,递归与栈,递归与栈的复杂度分析应围绕关键操作展开。一般可关注：需要结合具体操作分析；需要结合具体实现分析。适用场景：课程练习与工程场景。判断能否使用该结构或算法时，必须检查输入规模、数据分布、是否有序、是否允许额外空间、是否要求稳定性等条件。,复杂度|适用场景|栈与队列,提高,原创课程资料
DS-CHUNK-00063,递归与栈：易错点与诊断问题,栈与队列,递归与栈,学习递归与栈时常见问题包括：概念条件记忆不完整、边界条件处理不严谨、复杂度只背结论不解释原因、与相似知识点混淆。诊断时可追问：它的输入条件是什么？核心操作是什么？最坏情况如何出现？与相近结构相比优势和代价分别是什么？,易错点|诊断|栈与队列,诊断,原创课程资料
DS-CHUNK-00064,队列：定义与核心思想,栈与队列,队列,队列的核心定义：队列是只允许在队尾插入、队头删除的线性结构，具有先进先出特性。 学习时需要区分它的逻辑结构和存储结构，并说明它解决了什么问题。,定义|核心概念|栈与队列,基础,原创课程资料
DS-CHUNK-00065,队列：复杂度与适用场景,栈与队列,队列,队列的复杂度分析应围绕关键操作展开。一般可关注：入队 O(1)；出队 O(1)。适用场景：层序遍历、BFS、任务调度。判断能否使用该结构或算法时，必须检查输入规模、数据分布、是否有序、是否允许额外空间、是否要求稳定性等条件。,复杂度|适用场景|栈与队列,提高,原创课程资料
DS-CHUNK-00066,队列：易错点与诊断问题,栈与队列,队列,学习队列时常见问题包括：概念条件记忆不完整、边界条件处理不严谨、复杂度只背结论不解释原因、与相似知识点混淆。诊断时可追问：它的输入条件是什么？核心操作是什么？最坏情况如何出现？与相近结构相比优势和代价分别是什么？,易错点|诊断|栈与队列,诊断,原创课程资料
DS-CHUNK-00067,循环队列：定义与核心思想,栈与队列,循环队列,循环队列的核心定义：循环队列把顺序存储空间看作首尾相接的环，用取模运算复用已出队空间。 学习时需要区分它的逻辑结构和存储结构，并说明它解决了什么问题。,定义|核心概念|栈与队列,基础,原创课程资料
DS-CHUNK-00068,循环队列：复杂度与适用场景,栈与队列,循环队列,循环队列的复杂度分析应围绕关键操作展开。一般可关注：入队 O(1)；出队 O(1)。适用场景：顺序队列空间复用。判断能否使用该结构或算法时，必须检查输入规模、数据分布、是否有序、是否允许额外空间、是否要求稳定性等条件。,复杂度|适用场景|栈与队列,提高,原创课程资料
DS-CHUNK-00069,循环队列：易错点与诊断问题,栈与队列,循环队列,学习循环队列时常见问题包括：概念条件记忆不完整、边界条件处理不严谨、复杂度只背结论不解释原因、与相似知识点混淆。诊断时可追问：它的输入条件是什么？核心操作是什么？最坏情况如何出现？与相近结构相比优势和代价分别是什么？,易错点|诊断|栈与队列,诊断,原创课程资料
DS-CHUNK-00070,链队列：定义与核心思想,栈与队列,链队列,链队列的核心定义：链队列是数据结构课程中的核心知识点，需要从定义、存储方式、基本操作、复杂度、典型应用和易错点六个方面掌握。 学习时需要区分它的逻辑结构和存储结构，并说明它解决了什么问题。,定义|核心概念|栈与队列,基础,原创课程资料
DS-CHUNK-00071,链队列：复杂度与适用场景,栈与队列,链队列,链队列的复杂度分析应围绕关键操作展开。一般可关注：需要结合具体操作分析；需要结合具体实现分析。适用场景：课程练习与工程场景。判断能否使用该结构或算法时，必须检查输入规模、数据分布、是否有序、是否允许额外空间、是否要求稳定性等条件。,复杂度|适用场景|栈与队列,提高,原创课程资料
DS-CHUNK-00072,链队列：易错点与诊断问题,栈与队列,链队列,学习链队列时常见问题包括：概念条件记忆不完整、边界条件处理不严谨、复杂度只背结论不解释原因、与相似知识点混淆。诊断时可追问：它的输入条件是什么？核心操作是什么？最坏情况如何出现？与相近结构相比优势和代价分别是什么？,易错点|诊断|栈与队列,诊断,原创课程资料
DS-CHUNK-00073,双端队列：定义与核心思想,栈与队列,双端队列,双端队列的核心定义：双端队列是数据结构课程中的核心知识点，需要从定义、存储方式、基本操作、复杂度、典型应用和易错点六个方面掌握。 学习时需要区分它的逻辑结构和存储结构，并说明它解决了什么问题。,定义|核心概念|栈与队列,基础,原创课程资料
DS-CHUNK-00074,双端队列：复杂度与适用场景,栈与队列,双端队列,双端队列的复杂度分析应围绕关键操作展开。一般可关注：需要结合具体操作分析；需要结合具体实现分析。适用场景：课程练习与工程场景。判断能否使用该结构或算法时，必须检查输入规模、数据分布、是否有序、是否允许额外空间、是否要求稳定性等条件。,复杂度|适用场景|栈与队列,提高,原创课程资料
DS-CHUNK-00075,双端队列：易错点与诊断问题,栈与队列,双端队列,学习双端队列时常见问题包括：概念条件记忆不完整、边界条件处理不严谨、复杂度只背结论不解释原因、与相似知识点混淆。诊断时可追问：它的输入条件是什么？核心操作是什么？最坏情况如何出现？与相近结构相比优势和代价分别是什么？,易错点|诊断|栈与队列,诊断,原创课程资料
DS-CHUNK-00076,串与模式匹配模块概览,串与模式匹配,串|朴素模式匹配|KMP算法|next数组|nextval数组|字符串存储,串与模式匹配是数据结构课程的重要模块，包含串、朴素模式匹配、KMP算法、next数组、nextval数组、字符串存储等知识点。学习该模块时，应从定义、逻辑结构、存储结构、基本操作、复杂度、应用场景和易错点七个维度建立知识。,模块概览|数据结构|课程知识库,基础,原创课程资料
DS-CHUNK-00077,串：定义与核心思想,串与模式匹配,串,串的核心定义：串是数据结构课程中的核心知识点，需要从定义、存储方式、基本操作、复杂度、典型应用和易错点六个方面掌握。 学习时需要区分它的逻辑结构和存储结构，并说明它解决了什么问题。,定义|核心概念|串与模式匹配,基础,原创课程资料
DS-CHUNK-00078,串：复杂度与适用场景,串与模式匹配,串,串的复杂度分析应围绕关键操作展开。一般可关注：需要结合具体操作分析；需要结合具体实现分析。适用场景：课程练习与工程场景。判断能否使用该结构或算法时，必须检查输入规模、数据分布、是否有序、是否允许额外空间、是否要求稳定性等条件。,复杂度|适用场景|串与模式匹配,提高,原创课程资料
DS-CHUNK-00079,串：易错点与诊断问题,串与模式匹配,串,学习串时常见问题包括：概念条件记忆不完整、边界条件处理不严谨、复杂度只背结论不解释原因、与相似知识点混淆。诊断时可追问：它的输入条件是什么？核心操作是什么？最坏情况如何出现？与相近结构相比优势和代价分别是什么？,易错点|诊断|串与模式匹配,诊断,原创课程资料
DS-CHUNK-00080,朴素模式匹配：定义与核心思想,串与模式匹配,朴素模式匹配,朴素模式匹配的核心定义：朴素模式匹配是数据结构课程中的核心知识点，需要从定义、存储方式、基本操作、复杂度、典型应用和易错点六个方面掌握。 学习时需要区分它的逻辑结构和存储结构，并说明它解决了什么问题。,定义|核心概念|串与模式匹配,基础,原创课程资料
DS-CHUNK-00081,朴素模式匹配：复杂度与适用场景,串与模式匹配,朴素模式匹配,朴素模式匹配的复杂度分析应围绕关键操作展开。一般可关注：需要结合具体操作分析；需要结合具体实现分析。适用场景：课程练习与工程场景。判断能否使用该结构或算法时，必须检查输入规模、数据分布、是否有序、是否允许额外空间、是否要求稳定性等条件。,复杂度|适用场景|串与模式匹配,提高,原创课程资料
DS-CHUNK-00082,朴素模式匹配：易错点与诊断问题,串与模式匹配,朴素模式匹配,学习朴素模式匹配时常见问题包括：概念条件记忆不完整、边界条件处理不严谨、复杂度只背结论不解释原因、与相似知识点混淆。诊断时可追问：它的输入条件是什么？核心操作是什么？最坏情况如何出现？与相近结构相比优势和代价分别是什么？,易错点|诊断|串与模式匹配,诊断,原创课程资料
DS-CHUNK-00083,KMP算法：定义与核心思想,串与模式匹配,KMP算法,KMP算法的核心定义：KMP算法利用模式串自身的前后缀信息，在匹配失败时避免主串指针回退，从而将模式匹配时间复杂度降为 O(n+m)。 学习时需要区分它的逻辑结构和存储结构，并说明它解决了什么问题。,定义|核心概念|串与模式匹配,基础,原创课程资料
DS-CHUNK-00084,KMP算法：复杂度与适用场景,串与模式匹配,KMP算法,KMP算法的复杂度分析应围绕关键操作展开。一般可关注：预处理 O(m)；匹配 O(n)。适用场景：字符串模式匹配。判断能否使用该结构或算法时，必须检查输入规模、数据分布、是否有序、是否允许额外空间、是否要求稳定性等条件。,复杂度|适用场景|串与模式匹配,提高,原创课程资料
DS-CHUNK-00085,KMP算法：易错点与诊断问题,串与模式匹配,KMP算法,学习KMP算法时常见问题包括：概念条件记忆不完整、边界条件处理不严谨、复杂度只背结论不解释原因、与相似知识点混淆。诊断时可追问：它的输入条件是什么？核心操作是什么？最坏情况如何出现？与相近结构相比优势和代价分别是什么？,易错点|诊断|串与模式匹配,诊断,原创课程资料
DS-CHUNK-00086,next数组：定义与核心思想,串与模式匹配,next数组,next数组的核心定义：next数组记录模式串当前位置失配后应回退到的位置，本质上反映模式串前缀和后缀的最长公共长度。 学习时需要区分它的逻辑结构和存储结构，并说明它解决了什么问题。,定义|核心概念|串与模式匹配,基础,原创课程资料
DS-CHUNK-00087,next数组：复杂度与适用场景,串与模式匹配,next数组,next数组的复杂度分析应围绕关键操作展开。一般可关注：需要结合具体操作分析；需要结合具体实现分析。适用场景：课程练习与工程场景。判断能否使用该结构或算法时，必须检查输入规模、数据分布、是否有序、是否允许额外空间、是否要求稳定性等条件。,复杂度|适用场景|串与模式匹配,提高,原创课程资料
DS-CHUNK-00088,next数组：易错点与诊断问题,串与模式匹配,next数组,学习next数组时常见问题包括：概念条件记忆不完整、边界条件处理不严谨、复杂度只背结论不解释原因、与相似知识点混淆。诊断时可追问：它的输入条件是什么？核心操作是什么？最坏情况如何出现？与相近结构相比优势和代价分别是什么？,易错点|诊断|串与模式匹配,诊断,原创课程资料
DS-CHUNK-00089,nextval数组：定义与核心思想,串与模式匹配,nextval数组,nextval数组的核心定义：nextval数组是数据结构课程中的核心知识点，需要从定义、存储方式、基本操作、复杂度、典型应用和易错点六个方面掌握。 学习时需要区分它的逻辑结构和存储结构，并说明它解决了什么问题。,定义|核心概念|串与模式匹配,基础,原创课程资料
DS-CHUNK-00090,nextval数组：复杂度与适用场景,串与模式匹配,nextval数组,nextval数组的复杂度分析应围绕关键操作展开。一般可关注：需要结合具体操作分析；需要结合具体实现分析。适用场景：课程练习与工程场景。判断能否使用该结构或算法时，必须检查输入规模、数据分布、是否有序、是否允许额外空间、是否要求稳定性等条件。,复杂度|适用场景|串与模式匹配,提高,原创课程资料
DS-CHUNK-00091,nextval数组：易错点与诊断问题,串与模式匹配,nextval数组,学习nextval数组时常见问题包括：概念条件记忆不完整、边界条件处理不严谨、复杂度只背结论不解释原因、与相似知识点混淆。诊断时可追问：它的输入条件是什么？核心操作是什么？最坏情况如何出现？与相近结构相比优势和代价分别是什么？,易错点|诊断|串与模式匹配,诊断,原创课程资料
DS-CHUNK-00092,字符串存储：定义与核心思想,串与模式匹配,字符串存储,字符串存储的核心定义：字符串存储是数据结构课程中的核心知识点，需要从定义、存储方式、基本操作、复杂度、典型应用和易错点六个方面掌握。 学习时需要区分它的逻辑结构和存储结构，并说明它解决了什么问题。,定义|核心概念|串与模式匹配,基础,原创课程资料
DS-CHUNK-00093,字符串存储：复杂度与适用场景,串与模式匹配,字符串存储,字符串存储的复杂度分析应围绕关键操作展开。一般可关注：需要结合具体操作分析；需要结合具体实现分析。适用场景：课程练习与工程场景。判断能否使用该结构或算法时，必须检查输入规模、数据分布、是否有序、是否允许额外空间、是否要求稳定性等条件。,复杂度|适用场景|串与模式匹配,提高,原创课程资料
DS-CHUNK-00094,字符串存储：易错点与诊断问题,串与模式匹配,字符串存储,学习字符串存储时常见问题包括：概念条件记忆不完整、边界条件处理不严谨、复杂度只背结论不解释原因、与相似知识点混淆。诊断时可追问：它的输入条件是什么？核心操作是什么？最坏情况如何出现？与相近结构相比优势和代价分别是什么？,易错点|诊断|串与模式匹配,诊断,原创课程资料
DS-CHUNK-00095,数组、矩阵与广义表模块概览,数组、矩阵与广义表,数组存储|特殊矩阵压缩|稀疏矩阵三元组表|十字链表|广义表,数组、矩阵与广义表是数据结构课程的重要模块，包含数组存储、特殊矩阵压缩、稀疏矩阵三元组表、十字链表、广义表等知识点。学习该模块时，应从定义、逻辑结构、存储结构、基本操作、复杂度、应用场景和易错点七个维度建立知识。,模块概览|数据结构|课程知识库,基础,原创课程资料
DS-CHUNK-00096,数组存储：定义与核心思想,数组、矩阵与广义表,数组存储,数组存储的核心定义：数组存储是数据结构课程中的核心知识点，需要从定义、存储方式、基本操作、复杂度、典型应用和易错点六个方面掌握。 学习时需要区分它的逻辑结构和存储结构，并说明它解决了什么问题。,定义|核心概念|数组、矩阵与广义表,基础,原创课程资料
DS-CHUNK-00097,数组存储：复杂度与适用场景,数组、矩阵与广义表,数组存储,数组存储的复杂度分析应围绕关键操作展开。一般可关注：需要结合具体操作分析；需要结合具体实现分析。适用场景：课程练习与工程场景。判断能否使用该结构或算法时，必须检查输入规模、数据分布、是否有序、是否允许额外空间、是否要求稳定性等条件。,复杂度|适用场景|数组、矩阵与广义表,提高,原创课程资料
DS-CHUNK-00098,数组存储：易错点与诊断问题,数组、矩阵与广义表,数组存储,学习数组存储时常见问题包括：概念条件记忆不完整、边界条件处理不严谨、复杂度只背结论不解释原因、与相似知识点混淆。诊断时可追问：它的输入条件是什么？核心操作是什么？最坏情况如何出现？与相近结构相比优势和代价分别是什么？,易错点|诊断|数组、矩阵与广义表,诊断,原创课程资料
DS-CHUNK-00099,特殊矩阵压缩：定义与核心思想,数组、矩阵与广义表,特殊矩阵压缩,特殊矩阵压缩的核心定义：特殊矩阵压缩利用矩阵中元素分布规律，只存储必要元素以节省空间，如对称矩阵、三角矩阵、对角矩阵。 学习时需要区分它的逻辑结构和存储结构，并说明它解决了什么问题。,定义|核心概念|数组、矩阵与广义表,基础,原创课程资料
DS-CHUNK-00100,特殊矩阵压缩：复杂度与适用场景,数组、矩阵与广义表,特殊矩阵压缩,特殊矩阵压缩的复杂度分析应围绕关键操作展开。一般可关注：需要结合具体操作分析；需要结合具体实现分析。适用场景：课程练习与工程场景。判断能否使用该结构或算法时，必须检查输入规模、数据分布、是否有序、是否允许额外空间、是否要求稳定性等条件。,复杂度|适用场景|数组、矩阵与广义表,提高,原创课程资料
DS-CHUNK-00101,特殊矩阵压缩：易错点与诊断问题,数组、矩阵与广义表,特殊矩阵压缩,学习特殊矩阵压缩时常见问题包括：概念条件记忆不完整、边界条件处理不严谨、复杂度只背结论不解释原因、与相似知识点混淆。诊断时可追问：它的输入条件是什么？核心操作是什么？最坏情况如何出现？与相近结构相比优势和代价分别是什么？,易错点|诊断|数组、矩阵与广义表,诊断,原创课程资料
DS-CHUNK-00102,稀疏矩阵三元组表：定义与核心思想,数组、矩阵与广义表,稀疏矩阵三元组表,稀疏矩阵三元组表的核心定义：三元组表用行号、列号和值表示非零元素，适合非零元素远少于总元素数的稀疏矩阵。 学习时需要区分它的逻辑结构和存储结构，并说明它解决了什么问题。,定义|核心概念|数组、矩阵与广义表,基础,原创课程资料
DS-CHUNK-00103,稀疏矩阵三元组表：复杂度与适用场景,数组、矩阵与广义表,稀疏矩阵三元组表,稀疏矩阵三元组表的复杂度分析应围绕关键操作展开。一般可关注：需要结合具体操作分析；需要结合具体实现分析。适用场景：课程练习与工程场景。判断能否使用该结构或算法时，必须检查输入规模、数据分布、是否有序、是否允许额外空间、是否要求稳定性等条件。,复杂度|适用场景|数组、矩阵与广义表,提高,原创课程资料
DS-CHUNK-00104,稀疏矩阵三元组表：易错点与诊断问题,数组、矩阵与广义表,稀疏矩阵三元组表,学习稀疏矩阵三元组表时常见问题包括：概念条件记忆不完整、边界条件处理不严谨、复杂度只背结论不解释原因、与相似知识点混淆。诊断时可追问：它的输入条件是什么？核心操作是什么？最坏情况如何出现？与相近结构相比优势和代价分别是什么？,易错点|诊断|数组、矩阵与广义表,诊断,原创课程资料
DS-CHUNK-00105,十字链表：定义与核心思想,数组、矩阵与广义表,十字链表,十字链表的核心定义：十字链表是数据结构课程中的核心知识点，需要从定义、存储方式、基本操作、复杂度、典型应用和易错点六个方面掌握。 学习时需要区分它的逻辑结构和存储结构，并说明它解决了什么问题。,定义|核心概念|数组、矩阵与广义表,基础,原创课程资料
DS-CHUNK-00106,十字链表：复杂度与适用场景,数组、矩阵与广义表,十字链表,十字链表的复杂度分析应围绕关键操作展开。一般可关注：需要结合具体操作分析；需要结合具体实现分析。适用场景：课程练习与工程场景。判断能否使用该结构或算法时，必须检查输入规模、数据分布、是否有序、是否允许额外空间、是否要求稳定性等条件。,复杂度|适用场景|数组、矩阵与广义表,提高,原创课程资料
DS-CHUNK-00107,十字链表：易错点与诊断问题,数组、矩阵与广义表,十字链表,学习十字链表时常见问题包括：概念条件记忆不完整、边界条件处理不严谨、复杂度只背结论不解释原因、与相似知识点混淆。诊断时可追问：它的输入条件是什么？核心操作是什么？最坏情况如何出现？与相近结构相比优势和代价分别是什么？,易错点|诊断|数组、矩阵与广义表,诊断,原创课程资料
DS-CHUNK-00108,广义表：定义与核心思想,数组、矩阵与广义表,广义表,广义表的核心定义：广义表是数据结构课程中的核心知识点，需要从定义、存储方式、基本操作、复杂度、典型应用和易错点六个方面掌握。 学习时需要区分它的逻辑结构和存储结构，并说明它解决了什么问题。,定义|核心概念|数组、矩阵与广义表,基础,原创课程资料
DS-CHUNK-00109,广义表：复杂度与适用场景,数组、矩阵与广义表,广义表,广义表的复杂度分析应围绕关键操作展开。一般可关注：需要结合具体操作分析；需要结合具体实现分析。适用场景：课程练习与工程场景。判断能否使用该结构或算法时，必须检查输入规模、数据分布、是否有序、是否允许额外空间、是否要求稳定性等条件。,复杂度|适用场景|数组、矩阵与广义表,提高,原创课程资料
DS-CHUNK-00110,广义表：易错点与诊断问题,数组、矩阵与广义表,广义表,学习广义表时常见问题包括：概念条件记忆不完整、边界条件处理不严谨、复杂度只背结论不解释原因、与相似知识点混淆。诊断时可追问：它的输入条件是什么？核心操作是什么？最坏情况如何出现？与相近结构相比优势和代价分别是什么？,易错点|诊断|数组、矩阵与广义表,诊断,原创课程资料
DS-CHUNK-00111,树与二叉树模块概览,树与二叉树,树|二叉树|满二叉树|完全二叉树|二叉树性质|顺序存储二叉树|链式存储二叉树|先序遍历|中序遍历|后序遍历|层序遍历|线索二叉树|哈夫曼树|哈夫曼编码,树与二叉树是数据结构课程的重要模块，包含树、二叉树、满二叉树、完全二叉树、二叉树性质、顺序存储二叉树、链式存储二叉树、先序遍历、中序遍历、后序遍历、层序遍历、线索二叉树、哈夫曼树、哈夫曼编码等知识点。学习该模块时，应从定义、逻辑结构、存储结构、基本操作、复杂度、应用场景和易错点七个维度建立知识。,模块概览|数据结构|课程知识库,基础,原创课程资料
DS-CHUNK-00112,树：定义与核心思想,树与二叉树,树,树的核心定义：树是由结点和边构成的层次结构，除根结点外每个结点有且仅有一个前驱，适合表达层级关系。 学习时需要区分它的逻辑结构和存储结构，并说明它解决了什么问题。,定义|核心概念|树与二叉树,基础,原创课程资料
DS-CHUNK-00113,树：复杂度与适用场景,树与二叉树,树,树的复杂度分析应围绕关键操作展开。一般可关注：需要结合具体操作分析；需要结合具体实现分析。适用场景：课程练习与工程场景。判断能否使用该结构或算法时，必须检查输入规模、数据分布、是否有序、是否允许额外空间、是否要求稳定性等条件。,复杂度|适用场景|树与二叉树,提高,原创课程资料
DS-CHUNK-00114,树：易错点与诊断问题,树与二叉树,树,学习树时常见问题包括：概念条件记忆不完整、边界条件处理不严谨、复杂度只背结论不解释原因、与相似知识点混淆。诊断时可追问：它的输入条件是什么？核心操作是什么？最坏情况如何出现？与相近结构相比优势和代价分别是什么？,易错点|诊断|树与二叉树,诊断,原创课程资料
DS-CHUNK-00115,二叉树：定义与核心思想,树与二叉树,二叉树,二叉树的核心定义：二叉树是每个结点最多有两个子树的树结构，左右子树有次序。 学习时需要区分它的逻辑结构和存储结构，并说明它解决了什么问题。,定义|核心概念|树与二叉树,基础,原创课程资料
DS-CHUNK-00116,二叉树：复杂度与适用场景,树与二叉树,二叉树,二叉树的复杂度分析应围绕关键操作展开。一般可关注：需要结合具体操作分析；需要结合具体实现分析。适用场景：课程练习与工程场景。判断能否使用该结构或算法时，必须检查输入规模、数据分布、是否有序、是否允许额外空间、是否要求稳定性等条件。,复杂度|适用场景|树与二叉树,提高,原创课程资料
DS-CHUNK-00117,二叉树：易错点与诊断问题,树与二叉树,二叉树,学习二叉树时常见问题包括：概念条件记忆不完整、边界条件处理不严谨、复杂度只背结论不解释原因、与相似知识点混淆。诊断时可追问：它的输入条件是什么？核心操作是什么？最坏情况如何出现？与相近结构相比优势和代价分别是什么？,易错点|诊断|树与二叉树,诊断,原创课程资料
DS-CHUNK-00118,满二叉树：定义与核心思想,树与二叉树,满二叉树,满二叉树的核心定义：满二叉树是数据结构课程中的核心知识点，需要从定义、存储方式、基本操作、复杂度、典型应用和易错点六个方面掌握。 学习时需要区分它的逻辑结构和存储结构，并说明它解决了什么问题。,定义|核心概念|树与二叉树,基础,原创课程资料
DS-CHUNK-00119,满二叉树：复杂度与适用场景,树与二叉树,满二叉树,满二叉树的复杂度分析应围绕关键操作展开。一般可关注：需要结合具体操作分析；需要结合具体实现分析。适用场景：课程练习与工程场景。判断能否使用该结构或算法时，必须检查输入规模、数据分布、是否有序、是否允许额外空间、是否要求稳定性等条件。,复杂度|适用场景|树与二叉树,提高,原创课程资料
DS-CHUNK-00120,满二叉树：易错点与诊断问题,树与二叉树,满二叉树,学习满二叉树时常见问题包括：概念条件记忆不完整、边界条件处理不严谨、复杂度只背结论不解释原因、与相似知识点混淆。诊断时可追问：它的输入条件是什么？核心操作是什么？最坏情况如何出现？与相近结构相比优势和代价分别是什么？,易错点|诊断|树与二叉树,诊断,原创课程资料
DS-CHUNK-00121,完全二叉树：定义与核心思想,树与二叉树,完全二叉树,完全二叉树的核心定义：完全二叉树除最后一层外其余层都满，最后一层结点从左到右连续排列。 学习时需要区分它的逻辑结构和存储结构，并说明它解决了什么问题。,定义|核心概念|树与二叉树,基础,原创课程资料
DS-CHUNK-00122,完全二叉树：复杂度与适用场景,树与二叉树,完全二叉树,完全二叉树的复杂度分析应围绕关键操作展开。一般可关注：需要结合具体操作分析；需要结合具体实现分析。适用场景：课程练习与工程场景。判断能否使用该结构或算法时，必须检查输入规模、数据分布、是否有序、是否允许额外空间、是否要求稳定性等条件。,复杂度|适用场景|树与二叉树,提高,原创课程资料
DS-CHUNK-00123,完全二叉树：易错点与诊断问题,树与二叉树,完全二叉树,学习完全二叉树时常见问题包括：概念条件记忆不完整、边界条件处理不严谨、复杂度只背结论不解释原因、与相似知识点混淆。诊断时可追问：它的输入条件是什么？核心操作是什么？最坏情况如何出现？与相近结构相比优势和代价分别是什么？,易错点|诊断|树与二叉树,诊断,原创课程资料
DS-CHUNK-00124,二叉树性质：定义与核心思想,树与二叉树,二叉树性质,二叉树性质的核心定义：二叉树性质包括第 i 层最多 2^(i-1) 个结点、深度 k 的二叉树最多 2^k-1 个结点，以及完全二叉树可用数组高效存储。 学习时需要区分它的逻辑结构和存储结构，并说明它解决了什么问题。,定义|核心概念|树与二叉树,基础,原创课程资料
DS-CHUNK-00125,二叉树性质：复杂度与适用场景,树与二叉树,二叉树性质,二叉树性质的复杂度分析应围绕关键操作展开。一般可关注：需要结合具体操作分析；需要结合具体实现分析。适用场景：课程练习与工程场景。判断能否使用该结构或算法时，必须检查输入规模、数据分布、是否有序、是否允许额外空间、是否要求稳定性等条件。,复杂度|适用场景|树与二叉树,提高,原创课程资料
DS-CHUNK-00126,二叉树性质：易错点与诊断问题,树与二叉树,二叉树性质,学习二叉树性质时常见问题包括：概念条件记忆不完整、边界条件处理不严谨、复杂度只背结论不解释原因、与相似知识点混淆。诊断时可追问：它的输入条件是什么？核心操作是什么？最坏情况如何出现？与相近结构相比优势和代价分别是什么？,易错点|诊断|树与二叉树,诊断,原创课程资料
DS-CHUNK-00127,顺序存储二叉树：定义与核心思想,树与二叉树,顺序存储二叉树,顺序存储二叉树的核心定义：顺序存储二叉树是数据结构课程中的核心知识点，需要从定义、存储方式、基本操作、复杂度、典型应用和易错点六个方面掌握。 学习时需要区分它的逻辑结构和存储结构，并说明它解决了什么问题。,定义|核心概念|树与二叉树,基础,原创课程资料
DS-CHUNK-00128,顺序存储二叉树：复杂度与适用场景,树与二叉树,顺序存储二叉树,顺序存储二叉树的复杂度分析应围绕关键操作展开。一般可关注：需要结合具体操作分析；需要结合具体实现分析。适用场景：课程练习与工程场景。判断能否使用该结构或算法时，必须检查输入规模、数据分布、是否有序、是否允许额外空间、是否要求稳定性等条件。,复杂度|适用场景|树与二叉树,提高,原创课程资料
DS-CHUNK-00129,顺序存储二叉树：易错点与诊断问题,树与二叉树,顺序存储二叉树,学习顺序存储二叉树时常见问题包括：概念条件记忆不完整、边界条件处理不严谨、复杂度只背结论不解释原因、与相似知识点混淆。诊断时可追问：它的输入条件是什么？核心操作是什么？最坏情况如何出现？与相近结构相比优势和代价分别是什么？,易错点|诊断|树与二叉树,诊断,原创课程资料
DS-CHUNK-00130,链式存储二叉树：定义与核心思想,树与二叉树,链式存储二叉树,链式存储二叉树的核心定义：链式存储二叉树是数据结构课程中的核心知识点，需要从定义、存储方式、基本操作、复杂度、典型应用和易错点六个方面掌握。 学习时需要区分它的逻辑结构和存储结构，并说明它解决了什么问题。,定义|核心概念|树与二叉树,基础,原创课程资料
DS-CHUNK-00131,链式存储二叉树：复杂度与适用场景,树与二叉树,链式存储二叉树,链式存储二叉树的复杂度分析应围绕关键操作展开。一般可关注：需要结合具体操作分析；需要结合具体实现分析。适用场景：课程练习与工程场景。判断能否使用该结构或算法时，必须检查输入规模、数据分布、是否有序、是否允许额外空间、是否要求稳定性等条件。,复杂度|适用场景|树与二叉树,提高,原创课程资料
DS-CHUNK-00132,链式存储二叉树：易错点与诊断问题,树与二叉树,链式存储二叉树,学习链式存储二叉树时常见问题包括：概念条件记忆不完整、边界条件处理不严谨、复杂度只背结论不解释原因、与相似知识点混淆。诊断时可追问：它的输入条件是什么？核心操作是什么？最坏情况如何出现？与相近结构相比优势和代价分别是什么？,易错点|诊断|树与二叉树,诊断,原创课程资料
DS-CHUNK-00133,先序遍历：定义与核心思想,树与二叉树,先序遍历,先序遍历的核心定义：先序遍历按根、左子树、右子树的顺序访问二叉树结点。 学习时需要区分它的逻辑结构和存储结构，并说明它解决了什么问题。,定义|核心概念|树与二叉树,基础,原创课程资料
DS-CHUNK-00134,先序遍历：复杂度与适用场景,树与二叉树,先序遍历,先序遍历的复杂度分析应围绕关键操作展开。一般可关注：需要结合具体操作分析；需要结合具体实现分析。适用场景：课程练习与工程场景。判断能否使用该结构或算法时，必须检查输入规模、数据分布、是否有序、是否允许额外空间、是否要求稳定性等条件。,复杂度|适用场景|树与二叉树,提高,原创课程资料
DS-CHUNK-00135,先序遍历：易错点与诊断问题,树与二叉树,先序遍历,学习先序遍历时常见问题包括：概念条件记忆不完整、边界条件处理不严谨、复杂度只背结论不解释原因、与相似知识点混淆。诊断时可追问：它的输入条件是什么？核心操作是什么？最坏情况如何出现？与相近结构相比优势和代价分别是什么？,易错点|诊断|树与二叉树,诊断,原创课程资料
DS-CHUNK-00136,中序遍历：定义与核心思想,树与二叉树,中序遍历,中序遍历的核心定义：中序遍历按左子树、根、右子树的顺序访问二叉树结点，二叉排序树的中序序列为非递减序列。 学习时需要区分它的逻辑结构和存储结构，并说明它解决了什么问题。,定义|核心概念|树与二叉树,基础,原创课程资料
DS-CHUNK-00137,中序遍历：复杂度与适用场景,树与二叉树,中序遍历,中序遍历的复杂度分析应围绕关键操作展开。一般可关注：需要结合具体操作分析；需要结合具体实现分析。适用场景：课程练习与工程场景。判断能否使用该结构或算法时，必须检查输入规模、数据分布、是否有序、是否允许额外空间、是否要求稳定性等条件。,复杂度|适用场景|树与二叉树,提高,原创课程资料
DS-CHUNK-00138,中序遍历：易错点与诊断问题,树与二叉树,中序遍历,学习中序遍历时常见问题包括：概念条件记忆不完整、边界条件处理不严谨、复杂度只背结论不解释原因、与相似知识点混淆。诊断时可追问：它的输入条件是什么？核心操作是什么？最坏情况如何出现？与相近结构相比优势和代价分别是什么？,易错点|诊断|树与二叉树,诊断,原创课程资料
DS-CHUNK-00139,后序遍历：定义与核心思想,树与二叉树,后序遍历,后序遍历的核心定义：后序遍历按左子树、右子树、根的顺序访问二叉树结点，常用于先处理子问题再合并结果的场景。 学习时需要区分它的逻辑结构和存储结构，并说明它解决了什么问题。,定义|核心概念|树与二叉树,基础,原创课程资料
DS-CHUNK-00140,后序遍历：复杂度与适用场景,树与二叉树,后序遍历,后序遍历的复杂度分析应围绕关键操作展开。一般可关注：需要结合具体操作分析；需要结合具体实现分析。适用场景：课程练习与工程场景。判断能否使用该结构或算法时，必须检查输入规模、数据分布、是否有序、是否允许额外空间、是否要求稳定性等条件。,复杂度|适用场景|树与二叉树,提高,原创课程资料
DS-CHUNK-00141,后序遍历：易错点与诊断问题,树与二叉树,后序遍历,学习后序遍历时常见问题包括：概念条件记忆不完整、边界条件处理不严谨、复杂度只背结论不解释原因、与相似知识点混淆。诊断时可追问：它的输入条件是什么？核心操作是什么？最坏情况如何出现？与相近结构相比优势和代价分别是什么？,易错点|诊断|树与二叉树,诊断,原创课程资料
DS-CHUNK-00142,层序遍历：定义与核心思想,树与二叉树,层序遍历,层序遍历的核心定义：层序遍历按树的层次从上到下、从左到右访问结点，通常借助队列实现。 学习时需要区分它的逻辑结构和存储结构，并说明它解决了什么问题。,定义|核心概念|树与二叉树,基础,原创课程资料
DS-CHUNK-00143,层序遍历：复杂度与适用场景,树与二叉树,层序遍历,层序遍历的复杂度分析应围绕关键操作展开。一般可关注：需要结合具体操作分析；需要结合具体实现分析。适用场景：课程练习与工程场景。判断能否使用该结构或算法时，必须检查输入规模、数据分布、是否有序、是否允许额外空间、是否要求稳定性等条件。,复杂度|适用场景|树与二叉树,提高,原创课程资料
DS-CHUNK-00144,层序遍历：易错点与诊断问题,树与二叉树,层序遍历,学习层序遍历时常见问题包括：概念条件记忆不完整、边界条件处理不严谨、复杂度只背结论不解释原因、与相似知识点混淆。诊断时可追问：它的输入条件是什么？核心操作是什么？最坏情况如何出现？与相近结构相比优势和代价分别是什么？,易错点|诊断|树与二叉树,诊断,原创课程资料
DS-CHUNK-00145,线索二叉树：定义与核心思想,树与二叉树,线索二叉树,线索二叉树的核心定义：线索二叉树是数据结构课程中的核心知识点，需要从定义、存储方式、基本操作、复杂度、典型应用和易错点六个方面掌握。 学习时需要区分它的逻辑结构和存储结构，并说明它解决了什么问题。,定义|核心概念|树与二叉树,基础,原创课程资料
DS-CHUNK-00146,线索二叉树：复杂度与适用场景,树与二叉树,线索二叉树,线索二叉树的复杂度分析应围绕关键操作展开。一般可关注：需要结合具体操作分析；需要结合具体实现分析。适用场景：课程练习与工程场景。判断能否使用该结构或算法时，必须检查输入规模、数据分布、是否有序、是否允许额外空间、是否要求稳定性等条件。,复杂度|适用场景|树与二叉树,提高,原创课程资料
DS-CHUNK-00147,线索二叉树：易错点与诊断问题,树与二叉树,线索二叉树,学习线索二叉树时常见问题包括：概念条件记忆不完整、边界条件处理不严谨、复杂度只背结论不解释原因、与相似知识点混淆。诊断时可追问：它的输入条件是什么？核心操作是什么？最坏情况如何出现？与相近结构相比优势和代价分别是什么？,易错点|诊断|树与二叉树,诊断,原创课程资料
DS-CHUNK-00148,哈夫曼树：定义与核心思想,树与二叉树,哈夫曼树,哈夫曼树的核心定义：哈夫曼树是带权路径长度最小的二叉树，常用于构造最优前缀编码。 学习时需要区分它的逻辑结构和存储结构，并说明它解决了什么问题。,定义|核心概念|树与二叉树,基础,原创课程资料
DS-CHUNK-00149,哈夫曼树：复杂度与适用场景,树与二叉树,哈夫曼树,哈夫曼树的复杂度分析应围绕关键操作展开。一般可关注：需要结合具体操作分析；需要结合具体实现分析。适用场景：课程练习与工程场景。判断能否使用该结构或算法时，必须检查输入规模、数据分布、是否有序、是否允许额外空间、是否要求稳定性等条件。,复杂度|适用场景|树与二叉树,提高,原创课程资料
DS-CHUNK-00150,哈夫曼树：易错点与诊断问题,树与二叉树,哈夫曼树,学习哈夫曼树时常见问题包括：概念条件记忆不完整、边界条件处理不严谨、复杂度只背结论不解释原因、与相似知识点混淆。诊断时可追问：它的输入条件是什么？核心操作是什么？最坏情况如何出现？与相近结构相比优势和代价分别是什么？,易错点|诊断|树与二叉树,诊断,原创课程资料
DS-CHUNK-00151,哈夫曼编码：定义与核心思想,树与二叉树,哈夫曼编码,哈夫曼编码的核心定义：哈夫曼编码是一种变长前缀编码，高频字符使用短编码，低频字符使用长编码。 学习时需要区分它的逻辑结构和存储结构，并说明它解决了什么问题。,定义|核心概念|树与二叉树,基础,原创课程资料
DS-CHUNK-00152,哈夫曼编码：复杂度与适用场景,树与二叉树,哈夫曼编码,哈夫曼编码的复杂度分析应围绕关键操作展开。一般可关注：需要结合具体操作分析；需要结合具体实现分析。适用场景：课程练习与工程场景。判断能否使用该结构或算法时，必须检查输入规模、数据分布、是否有序、是否允许额外空间、是否要求稳定性等条件。,复杂度|适用场景|树与二叉树,提高,原创课程资料
DS-CHUNK-00153,哈夫曼编码：易错点与诊断问题,树与二叉树,哈夫曼编码,学习哈夫曼编码时常见问题包括：概念条件记忆不完整、边界条件处理不严谨、复杂度只背结论不解释原因、与相似知识点混淆。诊断时可追问：它的输入条件是什么？核心操作是什么？最坏情况如何出现？与相近结构相比优势和代价分别是什么？,易错点|诊断|树与二叉树,诊断,原创课程资料
DS-CHUNK-00154,森林与并查集模块概览,森林与并查集,树森林二叉树转换|孩子兄弟表示法|并查集|路径压缩|按秩合并,森林与并查集是数据结构课程的重要模块，包含树森林二叉树转换、孩子兄弟表示法、并查集、路径压缩、按秩合并等知识点。学习该模块时，应从定义、逻辑结构、存储结构、基本操作、复杂度、应用场景和易错点七个维度建立知识。,模块概览|数据结构|课程知识库,基础,原创课程资料
DS-CHUNK-00155,树森林二叉树转换：定义与核心思想,森林与并查集,树森林二叉树转换,树森林二叉树转换的核心定义：树森林二叉树转换是数据结构课程中的核心知识点，需要从定义、存储方式、基本操作、复杂度、典型应用和易错点六个方面掌握。 学习时需要区分它的逻辑结构和存储结构，并说明它解决了什么问题。,定义|核心概念|森林与并查集,基础,原创课程资料
DS-CHUNK-00156,树森林二叉树转换：复杂度与适用场景,森林与并查集,树森林二叉树转换,树森林二叉树转换的复杂度分析应围绕关键操作展开。一般可关注：需要结合具体操作分析；需要结合具体实现分析。适用场景：课程练习与工程场景。判断能否使用该结构或算法时，必须检查输入规模、数据分布、是否有序、是否允许额外空间、是否要求稳定性等条件。,复杂度|适用场景|森林与并查集,提高,原创课程资料
DS-CHUNK-00157,树森林二叉树转换：易错点与诊断问题,森林与并查集,树森林二叉树转换,学习树森林二叉树转换时常见问题包括：概念条件记忆不完整、边界条件处理不严谨、复杂度只背结论不解释原因、与相似知识点混淆。诊断时可追问：它的输入条件是什么？核心操作是什么？最坏情况如何出现？与相近结构相比优势和代价分别是什么？,易错点|诊断|森林与并查集,诊断,原创课程资料
DS-CHUNK-00158,孩子兄弟表示法：定义与核心思想,森林与并查集,孩子兄弟表示法,孩子兄弟表示法的核心定义：孩子兄弟表示法是数据结构课程中的核心知识点，需要从定义、存储方式、基本操作、复杂度、典型应用和易错点六个方面掌握。 学习时需要区分它的逻辑结构和存储结构，并说明它解决了什么问题。,定义|核心概念|森林与并查集,基础,原创课程资料
DS-CHUNK-00159,孩子兄弟表示法：复杂度与适用场景,森林与并查集,孩子兄弟表示法,孩子兄弟表示法的复杂度分析应围绕关键操作展开。一般可关注：需要结合具体操作分析；需要结合具体实现分析。适用场景：课程练习与工程场景。判断能否使用该结构或算法时，必须检查输入规模、数据分布、是否有序、是否允许额外空间、是否要求稳定性等条件。,复杂度|适用场景|森林与并查集,提高,原创课程资料
DS-CHUNK-00160,孩子兄弟表示法：易错点与诊断问题,森林与并查集,孩子兄弟表示法,学习孩子兄弟表示法时常见问题包括：概念条件记忆不完整、边界条件处理不严谨、复杂度只背结论不解释原因、与相似知识点混淆。诊断时可追问：它的输入条件是什么？核心操作是什么？最坏情况如何出现？与相近结构相比优势和代价分别是什么？,易错点|诊断|森林与并查集,诊断,原创课程资料
DS-CHUNK-00161,并查集：定义与核心思想,森林与并查集,并查集,并查集的核心定义：并查集用于维护若干不相交集合，支持查找元素所在集合与合并两个集合。 学习时需要区分它的逻辑结构和存储结构，并说明它解决了什么问题。,定义|核心概念|森林与并查集,基础,原创课程资料
DS-CHUNK-00162,并查集：复杂度与适用场景,森林与并查集,并查集,并查集的复杂度分析应围绕关键操作展开。一般可关注：近似 O(α(n))；O(n)。适用场景：动态连通性、Kruskal。判断能否使用该结构或算法时，必须检查输入规模、数据分布、是否有序、是否允许额外空间、是否要求稳定性等条件。,复杂度|适用场景|森林与并查集,提高,原创课程资料
DS-CHUNK-00163,并查集：易错点与诊断问题,森林与并查集,并查集,学习并查集时常见问题包括：概念条件记忆不完整、边界条件处理不严谨、复杂度只背结论不解释原因、与相似知识点混淆。诊断时可追问：它的输入条件是什么？核心操作是什么？最坏情况如何出现？与相近结构相比优势和代价分别是什么？,易错点|诊断|森林与并查集,诊断,原创课程资料
DS-CHUNK-00164,路径压缩：定义与核心思想,森林与并查集,路径压缩,路径压缩的核心定义：路径压缩是数据结构课程中的核心知识点，需要从定义、存储方式、基本操作、复杂度、典型应用和易错点六个方面掌握。 学习时需要区分它的逻辑结构和存储结构，并说明它解决了什么问题。,定义|核心概念|森林与并查集,基础,原创课程资料
DS-CHUNK-00165,路径压缩：复杂度与适用场景,森林与并查集,路径压缩,路径压缩的复杂度分析应围绕关键操作展开。一般可关注：需要结合具体操作分析；需要结合具体实现分析。适用场景：课程练习与工程场景。判断能否使用该结构或算法时，必须检查输入规模、数据分布、是否有序、是否允许额外空间、是否要求稳定性等条件。,复杂度|适用场景|森林与并查集,提高,原创课程资料
DS-CHUNK-00166,路径压缩：易错点与诊断问题,森林与并查集,路径压缩,学习路径压缩时常见问题包括：概念条件记忆不完整、边界条件处理不严谨、复杂度只背结论不解释原因、与相似知识点混淆。诊断时可追问：它的输入条件是什么？核心操作是什么？最坏情况如何出现？与相近结构相比优势和代价分别是什么？,易错点|诊断|森林与并查集,诊断,原创课程资料
DS-CHUNK-00167,按秩合并：定义与核心思想,森林与并查集,按秩合并,按秩合并的核心定义：按秩合并是数据结构课程中的核心知识点，需要从定义、存储方式、基本操作、复杂度、典型应用和易错点六个方面掌握。 学习时需要区分它的逻辑结构和存储结构，并说明它解决了什么问题。,定义|核心概念|森林与并查集,基础,原创课程资料
DS-CHUNK-00168,按秩合并：复杂度与适用场景,森林与并查集,按秩合并,按秩合并的复杂度分析应围绕关键操作展开。一般可关注：需要结合具体操作分析；需要结合具体实现分析。适用场景：课程练习与工程场景。判断能否使用该结构或算法时，必须检查输入规模、数据分布、是否有序、是否允许额外空间、是否要求稳定性等条件。,复杂度|适用场景|森林与并查集,提高,原创课程资料
DS-CHUNK-00169,按秩合并：易错点与诊断问题,森林与并查集,按秩合并,学习按秩合并时常见问题包括：概念条件记忆不完整、边界条件处理不严谨、复杂度只背结论不解释原因、与相似知识点混淆。诊断时可追问：它的输入条件是什么？核心操作是什么？最坏情况如何出现？与相近结构相比优势和代价分别是什么？,易错点|诊断|森林与并查集,诊断,原创课程资料
DS-CHUNK-00170,图模块概览,图,图的基本概念|邻接矩阵|邻接表|十字链表|邻接多重表|DFS|BFS|连通分量|拓扑排序|关键路径|最小生成树|Prim算法|Kruskal算法|单源最短路径|Dijkstra算法|Bellman-Ford算法|多源最短路径|Floyd算法,图是数据结构课程的重要模块，包含图的基本概念、邻接矩阵、邻接表、十字链表、邻接多重表、DFS、BFS、连通分量、拓扑排序、关键路径、最小生成树、Prim算法、Kruskal算法、单源最短路径、Dijkstra算法、Bellman-Ford算法、多源最短路径、Floyd算法等知识点。学习该模块时，应从定义、逻辑结构、存储结构、基本操作、复杂度、应用场景和易错点七个维度建立知识。,模块概览|数据结构|课程知识库,基础,原创课程资料
DS-CHUNK-00171,图的基本概念：定义与核心思想,图,图的基本概念,图的基本概念的核心定义：图由顶点集合和边集合组成，可分为有向图、无向图、带权图等，用于表示复杂对象关系。 学习时需要区分它的逻辑结构和存储结构，并说明它解决了什么问题。,定义|核心概念|图,基础,原创课程资料
DS-CHUNK-00172,图的基本概念：复杂度与适用场景,图,图的基本概念,图的基本概念的复杂度分析应围绕关键操作展开。一般可关注：需要结合具体操作分析；需要结合具体实现分析。适用场景：课程练习与工程场景。判断能否使用该结构或算法时，必须检查输入规模、数据分布、是否有序、是否允许额外空间、是否要求稳定性等条件。,复杂度|适用场景|图,提高,原创课程资料
DS-CHUNK-00173,图的基本概念：易错点与诊断问题,图,图的基本概念,学习图的基本概念时常见问题包括：概念条件记忆不完整、边界条件处理不严谨、复杂度只背结论不解释原因、与相似知识点混淆。诊断时可追问：它的输入条件是什么？核心操作是什么？最坏情况如何出现？与相近结构相比优势和代价分别是什么？,易错点|诊断|图,诊断,原创课程资料
DS-CHUNK-00174,邻接矩阵：定义与核心思想,图,邻接矩阵,邻接矩阵的核心定义：邻接矩阵用二维数组表示顶点之间是否存在边或边权，适合稠密图，判断两点是否相邻效率高。 学习时需要区分它的逻辑结构和存储结构，并说明它解决了什么问题。,定义|核心概念|图,基础,原创课程资料
DS-CHUNK-00175,邻接矩阵：复杂度与适用场景,图,邻接矩阵,邻接矩阵的复杂度分析应围绕关键操作展开。一般可关注：需要结合具体操作分析；需要结合具体实现分析。适用场景：课程练习与工程场景。判断能否使用该结构或算法时，必须检查输入规模、数据分布、是否有序、是否允许额外空间、是否要求稳定性等条件。,复杂度|适用场景|图,提高,原创课程资料
DS-CHUNK-00176,邻接矩阵：易错点与诊断问题,图,邻接矩阵,学习邻接矩阵时常见问题包括：概念条件记忆不完整、边界条件处理不严谨、复杂度只背结论不解释原因、与相似知识点混淆。诊断时可追问：它的输入条件是什么？核心操作是什么？最坏情况如何出现？与相近结构相比优势和代价分别是什么？,易错点|诊断|图,诊断,原创课程资料
DS-CHUNK-00177,邻接表：定义与核心思想,图,邻接表,邻接表的核心定义：邻接表为每个顶点维护一个边表，适合稀疏图，空间复杂度通常为 O(n+e)。 学习时需要区分它的逻辑结构和存储结构，并说明它解决了什么问题。,定义|核心概念|图,基础,原创课程资料
DS-CHUNK-00178,邻接表：复杂度与适用场景,图,邻接表,邻接表的复杂度分析应围绕关键操作展开。一般可关注：需要结合具体操作分析；需要结合具体实现分析。适用场景：课程练习与工程场景。判断能否使用该结构或算法时，必须检查输入规模、数据分布、是否有序、是否允许额外空间、是否要求稳定性等条件。,复杂度|适用场景|图,提高,原创课程资料
DS-CHUNK-00179,邻接表：易错点与诊断问题,图,邻接表,学习邻接表时常见问题包括：概念条件记忆不完整、边界条件处理不严谨、复杂度只背结论不解释原因、与相似知识点混淆。诊断时可追问：它的输入条件是什么？核心操作是什么？最坏情况如何出现？与相近结构相比优势和代价分别是什么？,易错点|诊断|图,诊断,原创课程资料
DS-CHUNK-00180,十字链表：定义与核心思想,图,十字链表,十字链表的核心定义：十字链表是数据结构课程中的核心知识点，需要从定义、存储方式、基本操作、复杂度、典型应用和易错点六个方面掌握。 学习时需要区分它的逻辑结构和存储结构，并说明它解决了什么问题。,定义|核心概念|图,基础,原创课程资料
DS-CHUNK-00181,十字链表：复杂度与适用场景,图,十字链表,十字链表的复杂度分析应围绕关键操作展开。一般可关注：需要结合具体操作分析；需要结合具体实现分析。适用场景：课程练习与工程场景。判断能否使用该结构或算法时，必须检查输入规模、数据分布、是否有序、是否允许额外空间、是否要求稳定性等条件。,复杂度|适用场景|图,提高,原创课程资料
DS-CHUNK-00182,十字链表：易错点与诊断问题,图,十字链表,学习十字链表时常见问题包括：概念条件记忆不完整、边界条件处理不严谨、复杂度只背结论不解释原因、与相似知识点混淆。诊断时可追问：它的输入条件是什么？核心操作是什么？最坏情况如何出现？与相近结构相比优势和代价分别是什么？,易错点|诊断|图,诊断,原创课程资料
DS-CHUNK-00183,邻接多重表：定义与核心思想,图,邻接多重表,邻接多重表的核心定义：邻接多重表是数据结构课程中的核心知识点，需要从定义、存储方式、基本操作、复杂度、典型应用和易错点六个方面掌握。 学习时需要区分它的逻辑结构和存储结构，并说明它解决了什么问题。,定义|核心概念|图,基础,原创课程资料
DS-CHUNK-00184,邻接多重表：复杂度与适用场景,图,邻接多重表,邻接多重表的复杂度分析应围绕关键操作展开。一般可关注：需要结合具体操作分析；需要结合具体实现分析。适用场景：课程练习与工程场景。判断能否使用该结构或算法时，必须检查输入规模、数据分布、是否有序、是否允许额外空间、是否要求稳定性等条件。,复杂度|适用场景|图,提高,原创课程资料
DS-CHUNK-00185,邻接多重表：易错点与诊断问题,图,邻接多重表,学习邻接多重表时常见问题包括：概念条件记忆不完整、边界条件处理不严谨、复杂度只背结论不解释原因、与相似知识点混淆。诊断时可追问：它的输入条件是什么？核心操作是什么？最坏情况如何出现？与相近结构相比优势和代价分别是什么？,易错点|诊断|图,诊断,原创课程资料
DS-CHUNK-00186,DFS：定义与核心思想,图,DFS,DFS的核心定义：深度优先搜索从某一顶点出发尽可能深入访问未访问邻接点，常用递归或栈实现。 学习时需要区分它的逻辑结构和存储结构，并说明它解决了什么问题。,定义|核心概念|图,基础,原创课程资料
DS-CHUNK-00187,DFS：复杂度与适用场景,图,DFS,DFS的复杂度分析应围绕关键操作展开。一般可关注：O(n+e)；O(n)。适用场景：连通性、路径搜索、拓扑相关。判断能否使用该结构或算法时，必须检查输入规模、数据分布、是否有序、是否允许额外空间、是否要求稳定性等条件。,复杂度|适用场景|图,提高,原创课程资料
DS-CHUNK-00188,DFS：易错点与诊断问题,图,DFS,学习DFS时常见问题包括：概念条件记忆不完整、边界条件处理不严谨、复杂度只背结论不解释原因、与相似知识点混淆。诊断时可追问：它的输入条件是什么？核心操作是什么？最坏情况如何出现？与相近结构相比优势和代价分别是什么？,易错点|诊断|图,诊断,原创课程资料
DS-CHUNK-00189,BFS：定义与核心思想,图,BFS,BFS的核心定义：广度优先搜索从起点按距离层次逐步扩展访问，常用队列实现，可求无权图最短路径。 学习时需要区分它的逻辑结构和存储结构，并说明它解决了什么问题。,定义|核心概念|图,基础,原创课程资料
DS-CHUNK-00190,BFS：复杂度与适用场景,图,BFS,BFS的复杂度分析应围绕关键操作展开。一般可关注：O(n+e)；O(n)。适用场景：无权最短路径、层次扩展。判断能否使用该结构或算法时，必须检查输入规模、数据分布、是否有序、是否允许额外空间、是否要求稳定性等条件。,复杂度|适用场景|图,提高,原创课程资料
DS-CHUNK-00191,BFS：易错点与诊断问题,图,BFS,学习BFS时常见问题包括：概念条件记忆不完整、边界条件处理不严谨、复杂度只背结论不解释原因、与相似知识点混淆。诊断时可追问：它的输入条件是什么？核心操作是什么？最坏情况如何出现？与相近结构相比优势和代价分别是什么？,易错点|诊断|图,诊断,原创课程资料
DS-CHUNK-00192,连通分量：定义与核心思想,图,连通分量,连通分量的核心定义：连通分量是数据结构课程中的核心知识点，需要从定义、存储方式、基本操作、复杂度、典型应用和易错点六个方面掌握。 学习时需要区分它的逻辑结构和存储结构，并说明它解决了什么问题。,定义|核心概念|图,基础,原创课程资料
DS-CHUNK-00193,连通分量：复杂度与适用场景,图,连通分量,连通分量的复杂度分析应围绕关键操作展开。一般可关注：需要结合具体操作分析；需要结合具体实现分析。适用场景：课程练习与工程场景。判断能否使用该结构或算法时，必须检查输入规模、数据分布、是否有序、是否允许额外空间、是否要求稳定性等条件。,复杂度|适用场景|图,提高,原创课程资料
DS-CHUNK-00194,连通分量：易错点与诊断问题,图,连通分量,学习连通分量时常见问题包括：概念条件记忆不完整、边界条件处理不严谨、复杂度只背结论不解释原因、与相似知识点混淆。诊断时可追问：它的输入条件是什么？核心操作是什么？最坏情况如何出现？与相近结构相比优势和代价分别是什么？,易错点|诊断|图,诊断,原创课程资料
DS-CHUNK-00195,拓扑排序：定义与核心思想,图,拓扑排序,拓扑排序的核心定义：拓扑排序将有向无环图中的顶点排成线性序列，使每条有向边的起点都在终点之前。 学习时需要区分它的逻辑结构和存储结构，并说明它解决了什么问题。,定义|核心概念|图,基础,原创课程资料
DS-CHUNK-00196,拓扑排序：复杂度与适用场景,图,拓扑排序,拓扑排序的复杂度分析应围绕关键操作展开。一般可关注：需要结合具体操作分析；需要结合具体实现分析。适用场景：课程练习与工程场景。判断能否使用该结构或算法时，必须检查输入规模、数据分布、是否有序、是否允许额外空间、是否要求稳定性等条件。,复杂度|适用场景|图,提高,原创课程资料
DS-CHUNK-00197,拓扑排序：易错点与诊断问题,图,拓扑排序,学习拓扑排序时常见问题包括：概念条件记忆不完整、边界条件处理不严谨、复杂度只背结论不解释原因、与相似知识点混淆。诊断时可追问：它的输入条件是什么？核心操作是什么？最坏情况如何出现？与相近结构相比优势和代价分别是什么？,易错点|诊断|图,诊断,原创课程资料
DS-CHUNK-00198,关键路径：定义与核心思想,图,关键路径,关键路径的核心定义：关键路径是 AOE 网中从源点到汇点的最长路径，决定工程最短完成时间。 学习时需要区分它的逻辑结构和存储结构，并说明它解决了什么问题。,定义|核心概念|图,基础,原创课程资料
DS-CHUNK-00199,关键路径：复杂度与适用场景,图,关键路径,关键路径的复杂度分析应围绕关键操作展开。一般可关注：需要结合具体操作分析；需要结合具体实现分析。适用场景：课程练习与工程场景。判断能否使用该结构或算法时，必须检查输入规模、数据分布、是否有序、是否允许额外空间、是否要求稳定性等条件。,复杂度|适用场景|图,提高,原创课程资料
DS-CHUNK-00200,关键路径：易错点与诊断问题,图,关键路径,学习关键路径时常见问题包括：概念条件记忆不完整、边界条件处理不严谨、复杂度只背结论不解释原因、与相似知识点混淆。诊断时可追问：它的输入条件是什么？核心操作是什么？最坏情况如何出现？与相近结构相比优势和代价分别是什么？,易错点|诊断|图,诊断,原创课程资料
DS-CHUNK-00201,最小生成树：定义与核心思想,图,最小生成树,最小生成树的核心定义：最小生成树是在连通无向带权图中连接所有顶点且总权值最小的生成树。 学习时需要区分它的逻辑结构和存储结构，并说明它解决了什么问题。,定义|核心概念|图,基础,原创课程资料
DS-CHUNK-00202,最小生成树：复杂度与适用场景,图,最小生成树,最小生成树的复杂度分析应围绕关键操作展开。一般可关注：需要结合具体操作分析；需要结合具体实现分析。适用场景：课程练习与工程场景。判断能否使用该结构或算法时，必须检查输入规模、数据分布、是否有序、是否允许额外空间、是否要求稳定性等条件。,复杂度|适用场景|图,提高,原创课程资料
DS-CHUNK-00203,最小生成树：易错点与诊断问题,图,最小生成树,学习最小生成树时常见问题包括：概念条件记忆不完整、边界条件处理不严谨、复杂度只背结论不解释原因、与相似知识点混淆。诊断时可追问：它的输入条件是什么？核心操作是什么？最坏情况如何出现？与相近结构相比优势和代价分别是什么？,易错点|诊断|图,诊断,原创课程资料
DS-CHUNK-00204,Prim算法：定义与核心思想,图,Prim算法,Prim算法的核心定义：Prim算法从一个顶点集合开始，每次选择连接集合内外的最小权边扩展生成树。 学习时需要区分它的逻辑结构和存储结构，并说明它解决了什么问题。,定义|核心概念|图,基础,原创课程资料
DS-CHUNK-00205,Prim算法：复杂度与适用场景,图,Prim算法,Prim算法的复杂度分析应围绕关键操作展开。一般可关注：邻接矩阵 O(n^2)；堆优化 O(e log n)。适用场景：稠密图最小生成树。判断能否使用该结构或算法时，必须检查输入规模、数据分布、是否有序、是否允许额外空间、是否要求稳定性等条件。,复杂度|适用场景|图,提高,原创课程资料
DS-CHUNK-00206,Prim算法：易错点与诊断问题,图,Prim算法,学习Prim算法时常见问题包括：概念条件记忆不完整、边界条件处理不严谨、复杂度只背结论不解释原因、与相似知识点混淆。诊断时可追问：它的输入条件是什么？核心操作是什么？最坏情况如何出现？与相近结构相比优势和代价分别是什么？,易错点|诊断|图,诊断,原创课程资料
DS-CHUNK-00207,Kruskal算法：定义与核心思想,图,Kruskal算法,Kruskal算法的核心定义：Kruskal算法按边权从小到大选择不形成回路的边，直到生成树包含 n-1 条边。 学习时需要区分它的逻辑结构和存储结构，并说明它解决了什么问题。,定义|核心概念|图,基础,原创课程资料
DS-CHUNK-00208,Kruskal算法：复杂度与适用场景,图,Kruskal算法,Kruskal算法的复杂度分析应围绕关键操作展开。一般可关注：O(e log e)；并查集近似 O(1)。适用场景：稀疏图最小生成树。判断能否使用该结构或算法时，必须检查输入规模、数据分布、是否有序、是否允许额外空间、是否要求稳定性等条件。,复杂度|适用场景|图,提高,原创课程资料
DS-CHUNK-00209,Kruskal算法：易错点与诊断问题,图,Kruskal算法,学习Kruskal算法时常见问题包括：概念条件记忆不完整、边界条件处理不严谨、复杂度只背结论不解释原因、与相似知识点混淆。诊断时可追问：它的输入条件是什么？核心操作是什么？最坏情况如何出现？与相近结构相比优势和代价分别是什么？,易错点|诊断|图,诊断,原创课程资料
DS-CHUNK-00210,单源最短路径：定义与核心思想,图,单源最短路径,单源最短路径的核心定义：单源最短路径是数据结构课程中的核心知识点，需要从定义、存储方式、基本操作、复杂度、典型应用和易错点六个方面掌握。 学习时需要区分它的逻辑结构和存储结构，并说明它解决了什么问题。,定义|核心概念|图,基础,原创课程资料
DS-CHUNK-00211,单源最短路径：复杂度与适用场景,图,单源最短路径,单源最短路径的复杂度分析应围绕关键操作展开。一般可关注：需要结合具体操作分析；需要结合具体实现分析。适用场景：课程练习与工程场景。判断能否使用该结构或算法时，必须检查输入规模、数据分布、是否有序、是否允许额外空间、是否要求稳定性等条件。,复杂度|适用场景|图,提高,原创课程资料
DS-CHUNK-00212,单源最短路径：易错点与诊断问题,图,单源最短路径,学习单源最短路径时常见问题包括：概念条件记忆不完整、边界条件处理不严谨、复杂度只背结论不解释原因、与相似知识点混淆。诊断时可追问：它的输入条件是什么？核心操作是什么？最坏情况如何出现？与相近结构相比优势和代价分别是什么？,易错点|诊断|图,诊断,原创课程资料
DS-CHUNK-00213,Dijkstra算法：定义与核心思想,图,Dijkstra算法,Dijkstra算法的核心定义：Dijkstra算法用于求非负权图的单源最短路径，每轮确定一个当前距离最小的未确定顶点。 学习时需要区分它的逻辑结构和存储结构，并说明它解决了什么问题。,定义|核心概念|图,基础,原创课程资料
DS-CHUNK-00214,Dijkstra算法：复杂度与适用场景,图,Dijkstra算法,Dijkstra算法的复杂度分析应围绕关键操作展开。一般可关注：朴素 O(n^2)；堆优化 O((n+e)log n)。适用场景：非负权单源最短路径。判断能否使用该结构或算法时，必须检查输入规模、数据分布、是否有序、是否允许额外空间、是否要求稳定性等条件。,复杂度|适用场景|图,提高,原创课程资料
DS-CHUNK-00215,Dijkstra算法：易错点与诊断问题,图,Dijkstra算法,学习Dijkstra算法时常见问题包括：概念条件记忆不完整、边界条件处理不严谨、复杂度只背结论不解释原因、与相似知识点混淆。诊断时可追问：它的输入条件是什么？核心操作是什么？最坏情况如何出现？与相近结构相比优势和代价分别是什么？,易错点|诊断|图,诊断,原创课程资料
DS-CHUNK-00216,Bellman-Ford算法：定义与核心思想,图,Bellman-Ford算法,Bellman-Ford算法的核心定义：Bellman-Ford算法是数据结构课程中的核心知识点，需要从定义、存储方式、基本操作、复杂度、典型应用和易错点六个方面掌握。 学习时需要区分它的逻辑结构和存储结构，并说明它解决了什么问题。,定义|核心概念|图,基础,原创课程资料
DS-CHUNK-00217,Bellman-Ford算法：复杂度与适用场景,图,Bellman-Ford算法,Bellman-Ford算法的复杂度分析应围绕关键操作展开。一般可关注：需要结合具体操作分析；需要结合具体实现分析。适用场景：课程练习与工程场景。判断能否使用该结构或算法时，必须检查输入规模、数据分布、是否有序、是否允许额外空间、是否要求稳定性等条件。,复杂度|适用场景|图,提高,原创课程资料
DS-CHUNK-00218,Bellman-Ford算法：易错点与诊断问题,图,Bellman-Ford算法,学习Bellman-Ford算法时常见问题包括：概念条件记忆不完整、边界条件处理不严谨、复杂度只背结论不解释原因、与相似知识点混淆。诊断时可追问：它的输入条件是什么？核心操作是什么？最坏情况如何出现？与相近结构相比优势和代价分别是什么？,易错点|诊断|图,诊断,原创课程资料
DS-CHUNK-00219,多源最短路径：定义与核心思想,图,多源最短路径,多源最短路径的核心定义：多源最短路径是数据结构课程中的核心知识点，需要从定义、存储方式、基本操作、复杂度、典型应用和易错点六个方面掌握。 学习时需要区分它的逻辑结构和存储结构，并说明它解决了什么问题。,定义|核心概念|图,基础,原创课程资料
DS-CHUNK-00220,多源最短路径：复杂度与适用场景,图,多源最短路径,多源最短路径的复杂度分析应围绕关键操作展开。一般可关注：需要结合具体操作分析；需要结合具体实现分析。适用场景：课程练习与工程场景。判断能否使用该结构或算法时，必须检查输入规模、数据分布、是否有序、是否允许额外空间、是否要求稳定性等条件。,复杂度|适用场景|图,提高,原创课程资料
DS-CHUNK-00221,多源最短路径：易错点与诊断问题,图,多源最短路径,学习多源最短路径时常见问题包括：概念条件记忆不完整、边界条件处理不严谨、复杂度只背结论不解释原因、与相似知识点混淆。诊断时可追问：它的输入条件是什么？核心操作是什么？最坏情况如何出现？与相近结构相比优势和代价分别是什么？,易错点|诊断|图,诊断,原创课程资料
DS-CHUNK-00222,Floyd算法：定义与核心思想,图,Floyd算法,Floyd算法的核心定义：Floyd算法通过动态规划求所有顶点对之间的最短路径，时间复杂度为 O(n^3)。 学习时需要区分它的逻辑结构和存储结构，并说明它解决了什么问题。,定义|核心概念|图,基础,原创课程资料
DS-CHUNK-00223,Floyd算法：复杂度与适用场景,图,Floyd算法,Floyd算法的复杂度分析应围绕关键操作展开。一般可关注：O(n^3)；O(n^2)。适用场景：多源最短路径。判断能否使用该结构或算法时，必须检查输入规模、数据分布、是否有序、是否允许额外空间、是否要求稳定性等条件。,复杂度|适用场景|图,提高,原创课程资料
DS-CHUNK-00224,Floyd算法：易错点与诊断问题,图,Floyd算法,学习Floyd算法时常见问题包括：概念条件记忆不完整、边界条件处理不严谨、复杂度只背结论不解释原因、与相似知识点混淆。诊断时可追问：它的输入条件是什么？核心操作是什么？最坏情况如何出现？与相近结构相比优势和代价分别是什么？,易错点|诊断|图,诊断,原创课程资料
DS-CHUNK-00225,查找模块概览,查找,顺序查找|折半查找|分块查找|二叉排序树|平衡二叉树AVL|红黑树基础|B树|B+树|散列表|哈希函数|冲突处理|装填因子,查找是数据结构课程的重要模块，包含顺序查找、折半查找、分块查找、二叉排序树、平衡二叉树AVL、红黑树基础、B树、B+树、散列表、哈希函数、冲突处理、装填因子等知识点。学习该模块时，应从定义、逻辑结构、存储结构、基本操作、复杂度、应用场景和易错点七个维度建立知识。,模块概览|数据结构|课程知识库,基础,原创课程资料
DS-CHUNK-00226,顺序查找：定义与核心思想,查找,顺序查找,顺序查找的核心定义：顺序查找从表的一端开始逐个比较，适用于顺序存储或链式存储，效率较低但实现简单。 学习时需要区分它的逻辑结构和存储结构，并说明它解决了什么问题。,定义|核心概念|查找,基础,原创课程资料
DS-CHUNK-00227,顺序查找：复杂度与适用场景,查找,顺序查找,顺序查找的复杂度分析应围绕关键操作展开。一般可关注：需要结合具体操作分析；需要结合具体实现分析。适用场景：课程练习与工程场景。判断能否使用该结构或算法时，必须检查输入规模、数据分布、是否有序、是否允许额外空间、是否要求稳定性等条件。,复杂度|适用场景|查找,提高,原创课程资料
DS-CHUNK-00228,顺序查找：易错点与诊断问题,查找,顺序查找,学习顺序查找时常见问题包括：概念条件记忆不完整、边界条件处理不严谨、复杂度只背结论不解释原因、与相似知识点混淆。诊断时可追问：它的输入条件是什么？核心操作是什么？最坏情况如何出现？与相近结构相比优势和代价分别是什么？,易错点|诊断|查找,诊断,原创课程资料
DS-CHUNK-00229,折半查找：定义与核心思想,查找,折半查找,折半查找的核心定义：折半查找要求查找表有序且支持随机访问，每次将查找范围缩小一半。 学习时需要区分它的逻辑结构和存储结构，并说明它解决了什么问题。,定义|核心概念|查找,基础,原创课程资料
DS-CHUNK-00230,折半查找：复杂度与适用场景,查找,折半查找,折半查找的复杂度分析应围绕关键操作展开。一般可关注：O(log n)；O(1)。适用场景：有序顺序表。判断能否使用该结构或算法时，必须检查输入规模、数据分布、是否有序、是否允许额外空间、是否要求稳定性等条件。,复杂度|适用场景|查找,提高,原创课程资料
DS-CHUNK-00231,折半查找：易错点与诊断问题,查找,折半查找,学习折半查找时常见问题包括：概念条件记忆不完整、边界条件处理不严谨、复杂度只背结论不解释原因、与相似知识点混淆。诊断时可追问：它的输入条件是什么？核心操作是什么？最坏情况如何出现？与相近结构相比优势和代价分别是什么？,易错点|诊断|查找,诊断,原创课程资料
DS-CHUNK-00232,分块查找：定义与核心思想,查找,分块查找,分块查找的核心定义：分块查找是数据结构课程中的核心知识点，需要从定义、存储方式、基本操作、复杂度、典型应用和易错点六个方面掌握。 学习时需要区分它的逻辑结构和存储结构，并说明它解决了什么问题。,定义|核心概念|查找,基础,原创课程资料
DS-CHUNK-00233,分块查找：复杂度与适用场景,查找,分块查找,分块查找的复杂度分析应围绕关键操作展开。一般可关注：需要结合具体操作分析；需要结合具体实现分析。适用场景：课程练习与工程场景。判断能否使用该结构或算法时，必须检查输入规模、数据分布、是否有序、是否允许额外空间、是否要求稳定性等条件。,复杂度|适用场景|查找,提高,原创课程资料
DS-CHUNK-00234,分块查找：易错点与诊断问题,查找,分块查找,学习分块查找时常见问题包括：概念条件记忆不完整、边界条件处理不严谨、复杂度只背结论不解释原因、与相似知识点混淆。诊断时可追问：它的输入条件是什么？核心操作是什么？最坏情况如何出现？与相近结构相比优势和代价分别是什么？,易错点|诊断|查找,诊断,原创课程资料
DS-CHUNK-00235,二叉排序树：定义与核心思想,查找,二叉排序树,二叉排序树的核心定义：二叉排序树满足左子树关键字小于根、右子树关键字大于根，中序遍历可得到有序序列。 学习时需要区分它的逻辑结构和存储结构，并说明它解决了什么问题。,定义|核心概念|查找,基础,原创课程资料
DS-CHUNK-00236,二叉排序树：复杂度与适用场景,查找,二叉排序树,二叉排序树的复杂度分析应围绕关键操作展开。一般可关注：需要结合具体操作分析；需要结合具体实现分析。适用场景：课程练习与工程场景。判断能否使用该结构或算法时，必须检查输入规模、数据分布、是否有序、是否允许额外空间、是否要求稳定性等条件。,复杂度|适用场景|查找,提高,原创课程资料
DS-CHUNK-00237,二叉排序树：易错点与诊断问题,查找,二叉排序树,学习二叉排序树时常见问题包括：概念条件记忆不完整、边界条件处理不严谨、复杂度只背结论不解释原因、与相似知识点混淆。诊断时可追问：它的输入条件是什么？核心操作是什么？最坏情况如何出现？与相近结构相比优势和代价分别是什么？,易错点|诊断|查找,诊断,原创课程资料
DS-CHUNK-00238,平衡二叉树AVL：定义与核心思想,查找,平衡二叉树AVL,平衡二叉树AVL的核心定义：AVL树是任一结点左右子树高度差不超过1的二叉排序树，通过旋转保持平衡。 学习时需要区分它的逻辑结构和存储结构，并说明它解决了什么问题。,定义|核心概念|查找,基础,原创课程资料
DS-CHUNK-00239,平衡二叉树AVL：复杂度与适用场景,查找,平衡二叉树AVL,平衡二叉树AVL的复杂度分析应围绕关键操作展开。一般可关注：需要结合具体操作分析；需要结合具体实现分析。适用场景：课程练习与工程场景。判断能否使用该结构或算法时，必须检查输入规模、数据分布、是否有序、是否允许额外空间、是否要求稳定性等条件。,复杂度|适用场景|查找,提高,原创课程资料
DS-CHUNK-00240,平衡二叉树AVL：易错点与诊断问题,查找,平衡二叉树AVL,学习平衡二叉树AVL时常见问题包括：概念条件记忆不完整、边界条件处理不严谨、复杂度只背结论不解释原因、与相似知识点混淆。诊断时可追问：它的输入条件是什么？核心操作是什么？最坏情况如何出现？与相近结构相比优势和代价分别是什么？,易错点|诊断|查找,诊断,原创课程资料
DS-CHUNK-00241,红黑树基础：定义与核心思想,查找,红黑树基础,红黑树基础的核心定义：红黑树基础是数据结构课程中的核心知识点，需要从定义、存储方式、基本操作、复杂度、典型应用和易错点六个方面掌握。 学习时需要区分它的逻辑结构和存储结构，并说明它解决了什么问题。,定义|核心概念|查找,基础,原创课程资料
DS-CHUNK-00242,红黑树基础：复杂度与适用场景,查找,红黑树基础,红黑树基础的复杂度分析应围绕关键操作展开。一般可关注：需要结合具体操作分析；需要结合具体实现分析。适用场景：课程练习与工程场景。判断能否使用该结构或算法时，必须检查输入规模、数据分布、是否有序、是否允许额外空间、是否要求稳定性等条件。,复杂度|适用场景|查找,提高,原创课程资料
DS-CHUNK-00243,红黑树基础：易错点与诊断问题,查找,红黑树基础,学习红黑树基础时常见问题包括：概念条件记忆不完整、边界条件处理不严谨、复杂度只背结论不解释原因、与相似知识点混淆。诊断时可追问：它的输入条件是什么？核心操作是什么？最坏情况如何出现？与相近结构相比优势和代价分别是什么？,易错点|诊断|查找,诊断,原创课程资料
DS-CHUNK-00244,B树：定义与核心思想,查找,B树,B树的核心定义：B树是一种多路平衡查找树，适合磁盘索引，能减少外存访问次数。 学习时需要区分它的逻辑结构和存储结构，并说明它解决了什么问题。,定义|核心概念|查找,基础,原创课程资料
DS-CHUNK-00245,B树：复杂度与适用场景,查找,B树,B树的复杂度分析应围绕关键操作展开。一般可关注：需要结合具体操作分析；需要结合具体实现分析。适用场景：课程练习与工程场景。判断能否使用该结构或算法时，必须检查输入规模、数据分布、是否有序、是否允许额外空间、是否要求稳定性等条件。,复杂度|适用场景|查找,提高,原创课程资料
DS-CHUNK-00246,B树：易错点与诊断问题,查找,B树,学习B树时常见问题包括：概念条件记忆不完整、边界条件处理不严谨、复杂度只背结论不解释原因、与相似知识点混淆。诊断时可追问：它的输入条件是什么？核心操作是什么？最坏情况如何出现？与相近结构相比优势和代价分别是什么？,易错点|诊断|查找,诊断,原创课程资料
DS-CHUNK-00247,B+树：定义与核心思想,查找,B+树,B+树的核心定义：B+树将实际记录或记录指针集中存放在叶子结点，叶子结点通常顺序链接，适合范围查询和数据库索引。 学习时需要区分它的逻辑结构和存储结构，并说明它解决了什么问题。,定义|核心概念|查找,基础,原创课程资料
DS-CHUNK-00248,B+树：复杂度与适用场景,查找,B+树,B+树的复杂度分析应围绕关键操作展开。一般可关注：O(log_m n)；节点大小匹配磁盘页。适用场景：数据库索引、文件系统。判断能否使用该结构或算法时，必须检查输入规模、数据分布、是否有序、是否允许额外空间、是否要求稳定性等条件。,复杂度|适用场景|查找,提高,原创课程资料
DS-CHUNK-00249,B+树：易错点与诊断问题,查找,B+树,学习B+树时常见问题包括：概念条件记忆不完整、边界条件处理不严谨、复杂度只背结论不解释原因、与相似知识点混淆。诊断时可追问：它的输入条件是什么？核心操作是什么？最坏情况如何出现？与相近结构相比优势和代价分别是什么？,易错点|诊断|查找,诊断,原创课程资料
DS-CHUNK-00250,散列表：定义与核心思想,查找,散列表,散列表的核心定义：散列表通过哈希函数将关键字映射到存储地址，理想情况下查找、插入、删除接近 O(1)。 学习时需要区分它的逻辑结构和存储结构，并说明它解决了什么问题。,定义|核心概念|查找,基础,原创课程资料
DS-CHUNK-00251,散列表：复杂度与适用场景,查找,散列表,散列表的复杂度分析应围绕关键操作展开。一般可关注：平均 O(1)；最坏 O(n)。适用场景：字典、缓存、集合。判断能否使用该结构或算法时，必须检查输入规模、数据分布、是否有序、是否允许额外空间、是否要求稳定性等条件。,复杂度|适用场景|查找,提高,原创课程资料
DS-CHUNK-00252,散列表：易错点与诊断问题,查找,散列表,学习散列表时常见问题包括：概念条件记忆不完整、边界条件处理不严谨、复杂度只背结论不解释原因、与相似知识点混淆。诊断时可追问：它的输入条件是什么？核心操作是什么？最坏情况如何出现？与相近结构相比优势和代价分别是什么？,易错点|诊断|查找,诊断,原创课程资料
DS-CHUNK-00253,哈希函数：定义与核心思想,查找,哈希函数,哈希函数的核心定义：哈希函数将关键字转换为表地址，设计目标是计算简单、分布均匀、减少冲突。 学习时需要区分它的逻辑结构和存储结构，并说明它解决了什么问题。,定义|核心概念|查找,基础,原创课程资料
DS-CHUNK-00254,哈希函数：复杂度与适用场景,查找,哈希函数,哈希函数的复杂度分析应围绕关键操作展开。一般可关注：需要结合具体操作分析；需要结合具体实现分析。适用场景：课程练习与工程场景。判断能否使用该结构或算法时，必须检查输入规模、数据分布、是否有序、是否允许额外空间、是否要求稳定性等条件。,复杂度|适用场景|查找,提高,原创课程资料
DS-CHUNK-00255,哈希函数：易错点与诊断问题,查找,哈希函数,学习哈希函数时常见问题包括：概念条件记忆不完整、边界条件处理不严谨、复杂度只背结论不解释原因、与相似知识点混淆。诊断时可追问：它的输入条件是什么？核心操作是什么？最坏情况如何出现？与相近结构相比优势和代价分别是什么？,易错点|诊断|查找,诊断,原创课程资料
DS-CHUNK-00256,冲突处理：定义与核心思想,查找,冲突处理,冲突处理的核心定义：冲突处理用于解决不同关键字映射到同一地址的问题，常见方法包括开放定址法和链地址法。 学习时需要区分它的逻辑结构和存储结构，并说明它解决了什么问题。,定义|核心概念|查找,基础,原创课程资料
DS-CHUNK-00257,冲突处理：复杂度与适用场景,查找,冲突处理,冲突处理的复杂度分析应围绕关键操作展开。一般可关注：需要结合具体操作分析；需要结合具体实现分析。适用场景：课程练习与工程场景。判断能否使用该结构或算法时，必须检查输入规模、数据分布、是否有序、是否允许额外空间、是否要求稳定性等条件。,复杂度|适用场景|查找,提高,原创课程资料
DS-CHUNK-00258,冲突处理：易错点与诊断问题,查找,冲突处理,学习冲突处理时常见问题包括：概念条件记忆不完整、边界条件处理不严谨、复杂度只背结论不解释原因、与相似知识点混淆。诊断时可追问：它的输入条件是什么？核心操作是什么？最坏情况如何出现？与相近结构相比优势和代价分别是什么？,易错点|诊断|查找,诊断,原创课程资料
DS-CHUNK-00259,装填因子：定义与核心思想,查找,装填因子,装填因子的核心定义：装填因子表示散列表中已存元素数量与表长之比，通常影响冲突概率和查找效率。 学习时需要区分它的逻辑结构和存储结构，并说明它解决了什么问题。,定义|核心概念|查找,基础,原创课程资料
DS-CHUNK-00260,装填因子：复杂度与适用场景,查找,装填因子,装填因子的复杂度分析应围绕关键操作展开。一般可关注：需要结合具体操作分析；需要结合具体实现分析。适用场景：课程练习与工程场景。判断能否使用该结构或算法时，必须检查输入规模、数据分布、是否有序、是否允许额外空间、是否要求稳定性等条件。,复杂度|适用场景|查找,提高,原创课程资料
DS-CHUNK-00261,装填因子：易错点与诊断问题,查找,装填因子,学习装填因子时常见问题包括：概念条件记忆不完整、边界条件处理不严谨、复杂度只背结论不解释原因、与相似知识点混淆。诊断时可追问：它的输入条件是什么？核心操作是什么？最坏情况如何出现？与相近结构相比优势和代价分别是什么？,易错点|诊断|查找,诊断,原创课程资料
DS-CHUNK-00262,排序模块概览,排序,插入排序|折半插入排序|希尔排序|冒泡排序|快速排序|简单选择排序|堆排序|归并排序|基数排序|外部排序|排序稳定性|排序复杂度比较,排序是数据结构课程的重要模块，包含插入排序、折半插入排序、希尔排序、冒泡排序、快速排序、简单选择排序、堆排序、归并排序、基数排序、外部排序、排序稳定性、排序复杂度比较等知识点。学习该模块时，应从定义、逻辑结构、存储结构、基本操作、复杂度、应用场景和易错点七个维度建立知识。,模块概览|数据结构|课程知识库,基础,原创课程资料
DS-CHUNK-00263,插入排序：定义与核心思想,排序,插入排序,插入排序的核心定义：插入排序每次将一个待排序元素插入到前面已有序序列中的合适位置。 学习时需要区分它的逻辑结构和存储结构，并说明它解决了什么问题。,定义|核心概念|排序,基础,原创课程资料
DS-CHUNK-00264,插入排序：复杂度与适用场景,排序,插入排序,插入排序的复杂度分析应围绕关键操作展开。一般可关注：最好 O(n)；最坏 O(n^2)。适用场景：小规模或基本有序序列。判断能否使用该结构或算法时，必须检查输入规模、数据分布、是否有序、是否允许额外空间、是否要求稳定性等条件。,复杂度|适用场景|排序,提高,原创课程资料
DS-CHUNK-00265,插入排序：易错点与诊断问题,排序,插入排序,学习插入排序时常见问题包括：概念条件记忆不完整、边界条件处理不严谨、复杂度只背结论不解释原因、与相似知识点混淆。诊断时可追问：它的输入条件是什么？核心操作是什么？最坏情况如何出现？与相近结构相比优势和代价分别是什么？,易错点|诊断|排序,诊断,原创课程资料
DS-CHUNK-00266,折半插入排序：定义与核心思想,排序,折半插入排序,折半插入排序的核心定义：折半插入排序是数据结构课程中的核心知识点，需要从定义、存储方式、基本操作、复杂度、典型应用和易错点六个方面掌握。 学习时需要区分它的逻辑结构和存储结构，并说明它解决了什么问题。,定义|核心概念|排序,基础,原创课程资料
DS-CHUNK-00267,折半插入排序：复杂度与适用场景,排序,折半插入排序,折半插入排序的复杂度分析应围绕关键操作展开。一般可关注：需要结合具体操作分析；需要结合具体实现分析。适用场景：课程练习与工程场景。判断能否使用该结构或算法时，必须检查输入规模、数据分布、是否有序、是否允许额外空间、是否要求稳定性等条件。,复杂度|适用场景|排序,提高,原创课程资料
DS-CHUNK-00268,折半插入排序：易错点与诊断问题,排序,折半插入排序,学习折半插入排序时常见问题包括：概念条件记忆不完整、边界条件处理不严谨、复杂度只背结论不解释原因、与相似知识点混淆。诊断时可追问：它的输入条件是什么？核心操作是什么？最坏情况如何出现？与相近结构相比优势和代价分别是什么？,易错点|诊断|排序,诊断,原创课程资料
DS-CHUNK-00269,希尔排序：定义与核心思想,排序,希尔排序,希尔排序的核心定义：希尔排序按增量分组进行插入排序，使序列逐步接近有序，最后进行一次普通插入排序。 学习时需要区分它的逻辑结构和存储结构，并说明它解决了什么问题。,定义|核心概念|排序,基础,原创课程资料
DS-CHUNK-00270,希尔排序：复杂度与适用场景,排序,希尔排序,希尔排序的复杂度分析应围绕关键操作展开。一般可关注：依赖增量序列；O(1)。适用场景：插入排序改进。判断能否使用该结构或算法时，必须检查输入规模、数据分布、是否有序、是否允许额外空间、是否要求稳定性等条件。,复杂度|适用场景|排序,提高,原创课程资料
DS-CHUNK-00271,希尔排序：易错点与诊断问题,排序,希尔排序,学习希尔排序时常见问题包括：概念条件记忆不完整、边界条件处理不严谨、复杂度只背结论不解释原因、与相似知识点混淆。诊断时可追问：它的输入条件是什么？核心操作是什么？最坏情况如何出现？与相近结构相比优势和代价分别是什么？,易错点|诊断|排序,诊断,原创课程资料
DS-CHUNK-00272,冒泡排序：定义与核心思想,排序,冒泡排序,冒泡排序的核心定义：冒泡排序反复比较相邻元素并交换逆序对，每趟将一个最大或最小元素移动到最终位置。 学习时需要区分它的逻辑结构和存储结构，并说明它解决了什么问题。,定义|核心概念|排序,基础,原创课程资料
DS-CHUNK-00273,冒泡排序：复杂度与适用场景,排序,冒泡排序,冒泡排序的复杂度分析应围绕关键操作展开。一般可关注：最好 O(n)；最坏 O(n^2)。适用场景：教学与小规模场景。判断能否使用该结构或算法时，必须检查输入规模、数据分布、是否有序、是否允许额外空间、是否要求稳定性等条件。,复杂度|适用场景|排序,提高,原创课程资料
DS-CHUNK-00274,冒泡排序：易错点与诊断问题,排序,冒泡排序,学习冒泡排序时常见问题包括：概念条件记忆不完整、边界条件处理不严谨、复杂度只背结论不解释原因、与相似知识点混淆。诊断时可追问：它的输入条件是什么？核心操作是什么？最坏情况如何出现？与相近结构相比优势和代价分别是什么？,易错点|诊断|排序,诊断,原创课程资料
DS-CHUNK-00275,快速排序：定义与核心思想,排序,快速排序,快速排序的核心定义：快速排序通过枢轴划分将序列分为两部分，再递归排序，是平均效率很高的交换排序。 学习时需要区分它的逻辑结构和存储结构，并说明它解决了什么问题。,定义|核心概念|排序,基础,原创课程资料
DS-CHUNK-00276,快速排序：复杂度与适用场景,排序,快速排序,快速排序的复杂度分析应围绕关键操作展开。一般可关注：平均 O(nlogn)；最坏 O(n^2)。适用场景：通用内排序。判断能否使用该结构或算法时，必须检查输入规模、数据分布、是否有序、是否允许额外空间、是否要求稳定性等条件。,复杂度|适用场景|排序,提高,原创课程资料
DS-CHUNK-00277,快速排序：易错点与诊断问题,排序,快速排序,学习快速排序时常见问题包括：概念条件记忆不完整、边界条件处理不严谨、复杂度只背结论不解释原因、与相似知识点混淆。诊断时可追问：它的输入条件是什么？核心操作是什么？最坏情况如何出现？与相近结构相比优势和代价分别是什么？,易错点|诊断|排序,诊断,原创课程资料
DS-CHUNK-00278,简单选择排序：定义与核心思想,排序,简单选择排序,简单选择排序的核心定义：简单选择排序每趟从无序区选择最小元素放到有序区末尾。 学习时需要区分它的逻辑结构和存储结构，并说明它解决了什么问题。,定义|核心概念|排序,基础,原创课程资料
DS-CHUNK-00279,简单选择排序：复杂度与适用场景,排序,简单选择排序,简单选择排序的复杂度分析应围绕关键操作展开。一般可关注：O(n^2)；O(1)。适用场景：交换次数少但不稳定。判断能否使用该结构或算法时，必须检查输入规模、数据分布、是否有序、是否允许额外空间、是否要求稳定性等条件。,复杂度|适用场景|排序,提高,原创课程资料
DS-CHUNK-00280,简单选择排序：易错点与诊断问题,排序,简单选择排序,学习简单选择排序时常见问题包括：概念条件记忆不完整、边界条件处理不严谨、复杂度只背结论不解释原因、与相似知识点混淆。诊断时可追问：它的输入条件是什么？核心操作是什么？最坏情况如何出现？与相近结构相比优势和代价分别是什么？,易错点|诊断|排序,诊断,原创课程资料
DS-CHUNK-00281,堆排序：定义与核心思想,排序,堆排序,堆排序的核心定义：堆排序利用堆结构反复取出堆顶元素完成排序，时间复杂度为 O(nlogn)，不稳定。 学习时需要区分它的逻辑结构和存储结构，并说明它解决了什么问题。,定义|核心概念|排序,基础,原创课程资料
DS-CHUNK-00282,堆排序：复杂度与适用场景,排序,堆排序,堆排序的复杂度分析应围绕关键操作展开。一般可关注：O(nlogn)；O(1)。适用场景：不稳定、适合选择前k。判断能否使用该结构或算法时，必须检查输入规模、数据分布、是否有序、是否允许额外空间、是否要求稳定性等条件。,复杂度|适用场景|排序,提高,原创课程资料
DS-CHUNK-00283,堆排序：易错点与诊断问题,排序,堆排序,学习堆排序时常见问题包括：概念条件记忆不完整、边界条件处理不严谨、复杂度只背结论不解释原因、与相似知识点混淆。诊断时可追问：它的输入条件是什么？核心操作是什么？最坏情况如何出现？与相近结构相比优势和代价分别是什么？,易错点|诊断|排序,诊断,原创课程资料
DS-CHUNK-00284,归并排序：定义与核心思想,排序,归并排序,归并排序的核心定义：归并排序采用分治思想，将序列递归分解后合并有序子序列，稳定且时间复杂度为 O(nlogn)。 学习时需要区分它的逻辑结构和存储结构，并说明它解决了什么问题。,定义|核心概念|排序,基础,原创课程资料
DS-CHUNK-00285,归并排序：复杂度与适用场景,排序,归并排序,归并排序的复杂度分析应围绕关键操作展开。一般可关注：O(nlogn)；O(n)。适用场景：稳定排序、外部排序基础。判断能否使用该结构或算法时，必须检查输入规模、数据分布、是否有序、是否允许额外空间、是否要求稳定性等条件。,复杂度|适用场景|排序,提高,原创课程资料
DS-CHUNK-00286,归并排序：易错点与诊断问题,排序,归并排序,学习归并排序时常见问题包括：概念条件记忆不完整、边界条件处理不严谨、复杂度只背结论不解释原因、与相似知识点混淆。诊断时可追问：它的输入条件是什么？核心操作是什么？最坏情况如何出现？与相近结构相比优势和代价分别是什么？,易错点|诊断|排序,诊断,原创课程资料
DS-CHUNK-00287,基数排序：定义与核心思想,排序,基数排序,基数排序的核心定义：基数排序按关键字的各位进行分配和收集，适合位数有限的整数或字符串关键字。 学习时需要区分它的逻辑结构和存储结构，并说明它解决了什么问题。,定义|核心概念|排序,基础,原创课程资料
DS-CHUNK-00288,基数排序：复杂度与适用场景,排序,基数排序,基数排序的复杂度分析应围绕关键操作展开。一般可关注：需要结合具体操作分析；需要结合具体实现分析。适用场景：课程练习与工程场景。判断能否使用该结构或算法时，必须检查输入规模、数据分布、是否有序、是否允许额外空间、是否要求稳定性等条件。,复杂度|适用场景|排序,提高,原创课程资料
DS-CHUNK-00289,基数排序：易错点与诊断问题,排序,基数排序,学习基数排序时常见问题包括：概念条件记忆不完整、边界条件处理不严谨、复杂度只背结论不解释原因、与相似知识点混淆。诊断时可追问：它的输入条件是什么？核心操作是什么？最坏情况如何出现？与相近结构相比优势和代价分别是什么？,易错点|诊断|排序,诊断,原创课程资料
DS-CHUNK-00290,外部排序：定义与核心思想,排序,外部排序,外部排序的核心定义：外部排序是数据结构课程中的核心知识点，需要从定义、存储方式、基本操作、复杂度、典型应用和易错点六个方面掌握。 学习时需要区分它的逻辑结构和存储结构，并说明它解决了什么问题。,定义|核心概念|排序,基础,原创课程资料
DS-CHUNK-00291,外部排序：复杂度与适用场景,排序,外部排序,外部排序的复杂度分析应围绕关键操作展开。一般可关注：需要结合具体操作分析；需要结合具体实现分析。适用场景：课程练习与工程场景。判断能否使用该结构或算法时，必须检查输入规模、数据分布、是否有序、是否允许额外空间、是否要求稳定性等条件。,复杂度|适用场景|排序,提高,原创课程资料
DS-CHUNK-00292,外部排序：易错点与诊断问题,排序,外部排序,学习外部排序时常见问题包括：概念条件记忆不完整、边界条件处理不严谨、复杂度只背结论不解释原因、与相似知识点混淆。诊断时可追问：它的输入条件是什么？核心操作是什么？最坏情况如何出现？与相近结构相比优势和代价分别是什么？,易错点|诊断|排序,诊断,原创课程资料
DS-CHUNK-00293,排序稳定性：定义与核心思想,排序,排序稳定性,排序稳定性的核心定义：排序稳定性指相等关键字元素排序前后的相对次序是否保持不变。 学习时需要区分它的逻辑结构和存储结构，并说明它解决了什么问题。,定义|核心概念|排序,基础,原创课程资料
DS-CHUNK-00294,排序稳定性：复杂度与适用场景,排序,排序稳定性,排序稳定性的复杂度分析应围绕关键操作展开。一般可关注：需要结合具体操作分析；需要结合具体实现分析。适用场景：课程练习与工程场景。判断能否使用该结构或算法时，必须检查输入规模、数据分布、是否有序、是否允许额外空间、是否要求稳定性等条件。,复杂度|适用场景|排序,提高,原创课程资料
DS-CHUNK-00295,排序稳定性：易错点与诊断问题,排序,排序稳定性,学习排序稳定性时常见问题包括：概念条件记忆不完整、边界条件处理不严谨、复杂度只背结论不解释原因、与相似知识点混淆。诊断时可追问：它的输入条件是什么？核心操作是什么？最坏情况如何出现？与相近结构相比优势和代价分别是什么？,易错点|诊断|排序,诊断,原创课程资料
DS-CHUNK-00296,排序复杂度比较：定义与核心思想,排序,排序复杂度比较,排序复杂度比较的核心定义：排序复杂度比较是数据结构课程中的核心知识点，需要从定义、存储方式、基本操作、复杂度、典型应用和易错点六个方面掌握。 学习时需要区分它的逻辑结构和存储结构，并说明它解决了什么问题。,定义|核心概念|排序,基础,原创课程资料
DS-CHUNK-00297,排序复杂度比较：复杂度与适用场景,排序,排序复杂度比较,排序复杂度比较的复杂度分析应围绕关键操作展开。一般可关注：需要结合具体操作分析；需要结合具体实现分析。适用场景：课程练习与工程场景。判断能否使用该结构或算法时，必须检查输入规模、数据分布、是否有序、是否允许额外空间、是否要求稳定性等条件。,复杂度|适用场景|排序,提高,原创课程资料
DS-CHUNK-00298,排序复杂度比较：易错点与诊断问题,排序,排序复杂度比较,学习排序复杂度比较时常见问题包括：概念条件记忆不完整、边界条件处理不严谨、复杂度只背结论不解释原因、与相似知识点混淆。诊断时可追问：它的输入条件是什么？核心操作是什么？最坏情况如何出现？与相近结构相比优势和代价分别是什么？,易错点|诊断|排序,诊断,原创课程资料
DS-CHUNK-00299,高级结构与工程应用模块概览,高级结构与工程应用,优先队列|堆|Trie树|线段树|树状数组|跳表|LRU缓存|布隆过滤器|倒排索引,高级结构与工程应用是数据结构课程的重要模块，包含优先队列、堆、Trie树、线段树、树状数组、跳表、LRU缓存、布隆过滤器、倒排索引等知识点。学习该模块时，应从定义、逻辑结构、存储结构、基本操作、复杂度、应用场景和易错点七个维度建立知识。,模块概览|数据结构|课程知识库,基础,原创课程资料
DS-CHUNK-00300,优先队列：定义与核心思想,高级结构与工程应用,优先队列,优先队列的核心定义：优先队列支持按优先级访问和删除元素，通常用堆实现。 学习时需要区分它的逻辑结构和存储结构，并说明它解决了什么问题。,定义|核心概念|高级结构与工程应用,基础,原创课程资料
DS-CHUNK-00301,优先队列：复杂度与适用场景,高级结构与工程应用,优先队列,优先队列的复杂度分析应围绕关键操作展开。一般可关注：需要结合具体操作分析；需要结合具体实现分析。适用场景：课程练习与工程场景。判断能否使用该结构或算法时，必须检查输入规模、数据分布、是否有序、是否允许额外空间、是否要求稳定性等条件。,复杂度|适用场景|高级结构与工程应用,提高,原创课程资料
DS-CHUNK-00302,优先队列：易错点与诊断问题,高级结构与工程应用,优先队列,学习优先队列时常见问题包括：概念条件记忆不完整、边界条件处理不严谨、复杂度只背结论不解释原因、与相似知识点混淆。诊断时可追问：它的输入条件是什么？核心操作是什么？最坏情况如何出现？与相近结构相比优势和代价分别是什么？,易错点|诊断|高级结构与工程应用,诊断,原创课程资料
DS-CHUNK-00303,堆：定义与核心思想,高级结构与工程应用,堆,堆的核心定义：堆是一种满足父子结点关键字大小关系的完全二叉树，常用于优先队列和堆排序。 学习时需要区分它的逻辑结构和存储结构，并说明它解决了什么问题。,定义|核心概念|高级结构与工程应用,基础,原创课程资料
DS-CHUNK-00304,堆：复杂度与适用场景,高级结构与工程应用,堆,堆的复杂度分析应围绕关键操作展开。一般可关注：需要结合具体操作分析；需要结合具体实现分析。适用场景：课程练习与工程场景。判断能否使用该结构或算法时，必须检查输入规模、数据分布、是否有序、是否允许额外空间、是否要求稳定性等条件。,复杂度|适用场景|高级结构与工程应用,提高,原创课程资料
DS-CHUNK-00305,堆：易错点与诊断问题,高级结构与工程应用,堆,学习堆时常见问题包括：概念条件记忆不完整、边界条件处理不严谨、复杂度只背结论不解释原因、与相似知识点混淆。诊断时可追问：它的输入条件是什么？核心操作是什么？最坏情况如何出现？与相近结构相比优势和代价分别是什么？,易错点|诊断|高级结构与工程应用,诊断,原创课程资料
DS-CHUNK-00306,Trie树：定义与核心思想,高级结构与工程应用,Trie树,Trie树的核心定义：Trie树又称字典树，按字符路径存储字符串集合，适合前缀匹配和词典检索。 学习时需要区分它的逻辑结构和存储结构，并说明它解决了什么问题。,定义|核心概念|高级结构与工程应用,基础,原创课程资料
DS-CHUNK-00307,Trie树：复杂度与适用场景,高级结构与工程应用,Trie树,Trie树的复杂度分析应围绕关键操作展开。一般可关注：需要结合具体操作分析；需要结合具体实现分析。适用场景：课程练习与工程场景。判断能否使用该结构或算法时，必须检查输入规模、数据分布、是否有序、是否允许额外空间、是否要求稳定性等条件。,复杂度|适用场景|高级结构与工程应用,提高,原创课程资料
DS-CHUNK-00308,Trie树：易错点与诊断问题,高级结构与工程应用,Trie树,学习Trie树时常见问题包括：概念条件记忆不完整、边界条件处理不严谨、复杂度只背结论不解释原因、与相似知识点混淆。诊断时可追问：它的输入条件是什么？核心操作是什么？最坏情况如何出现？与相近结构相比优势和代价分别是什么？,易错点|诊断|高级结构与工程应用,诊断,原创课程资料
DS-CHUNK-00309,线段树：定义与核心思想,高级结构与工程应用,线段树,线段树的核心定义：线段树用于维护区间信息，支持区间查询和单点或区间修改。 学习时需要区分它的逻辑结构和存储结构，并说明它解决了什么问题。,定义|核心概念|高级结构与工程应用,基础,原创课程资料
DS-CHUNK-00310,线段树：复杂度与适用场景,高级结构与工程应用,线段树,线段树的复杂度分析应围绕关键操作展开。一般可关注：查询 O(logn)；更新 O(logn)。适用场景：区间统计。判断能否使用该结构或算法时，必须检查输入规模、数据分布、是否有序、是否允许额外空间、是否要求稳定性等条件。,复杂度|适用场景|高级结构与工程应用,提高,原创课程资料
DS-CHUNK-00311,线段树：易错点与诊断问题,高级结构与工程应用,线段树,学习线段树时常见问题包括：概念条件记忆不完整、边界条件处理不严谨、复杂度只背结论不解释原因、与相似知识点混淆。诊断时可追问：它的输入条件是什么？核心操作是什么？最坏情况如何出现？与相近结构相比优势和代价分别是什么？,易错点|诊断|高级结构与工程应用,诊断,原创课程资料
DS-CHUNK-00312,树状数组：定义与核心思想,高级结构与工程应用,树状数组,树状数组的核心定义：树状数组用数组维护前缀信息，常用于动态前缀和查询与单点更新。 学习时需要区分它的逻辑结构和存储结构，并说明它解决了什么问题。,定义|核心概念|高级结构与工程应用,基础,原创课程资料
DS-CHUNK-00313,树状数组：复杂度与适用场景,高级结构与工程应用,树状数组,树状数组的复杂度分析应围绕关键操作展开。一般可关注：查询 O(logn)；更新 O(logn)。适用场景：前缀和动态维护。判断能否使用该结构或算法时，必须检查输入规模、数据分布、是否有序、是否允许额外空间、是否要求稳定性等条件。,复杂度|适用场景|高级结构与工程应用,提高,原创课程资料
DS-CHUNK-00314,树状数组：易错点与诊断问题,高级结构与工程应用,树状数组,学习树状数组时常见问题包括：概念条件记忆不完整、边界条件处理不严谨、复杂度只背结论不解释原因、与相似知识点混淆。诊断时可追问：它的输入条件是什么？核心操作是什么？最坏情况如何出现？与相近结构相比优势和代价分别是什么？,易错点|诊断|高级结构与工程应用,诊断,原创课程资料
DS-CHUNK-00315,跳表：定义与核心思想,高级结构与工程应用,跳表,跳表的核心定义：跳表通过多级索引加速链表查找，平均查找、插入、删除复杂度为 O(logn)。 学习时需要区分它的逻辑结构和存储结构，并说明它解决了什么问题。,定义|核心概念|高级结构与工程应用,基础,原创课程资料
DS-CHUNK-00316,跳表：复杂度与适用场景,高级结构与工程应用,跳表,跳表的复杂度分析应围绕关键操作展开。一般可关注：需要结合具体操作分析；需要结合具体实现分析。适用场景：课程练习与工程场景。判断能否使用该结构或算法时，必须检查输入规模、数据分布、是否有序、是否允许额外空间、是否要求稳定性等条件。,复杂度|适用场景|高级结构与工程应用,提高,原创课程资料
DS-CHUNK-00317,跳表：易错点与诊断问题,高级结构与工程应用,跳表,学习跳表时常见问题包括：概念条件记忆不完整、边界条件处理不严谨、复杂度只背结论不解释原因、与相似知识点混淆。诊断时可追问：它的输入条件是什么？核心操作是什么？最坏情况如何出现？与相近结构相比优势和代价分别是什么？,易错点|诊断|高级结构与工程应用,诊断,原创课程资料
DS-CHUNK-00318,LRU缓存：定义与核心思想,高级结构与工程应用,LRU缓存,LRU缓存的核心定义：LRU缓存淘汰最近最少使用的数据，常用哈希表加双向链表实现。 学习时需要区分它的逻辑结构和存储结构，并说明它解决了什么问题。,定义|核心概念|高级结构与工程应用,基础,原创课程资料
DS-CHUNK-00319,LRU缓存：复杂度与适用场景,高级结构与工程应用,LRU缓存,LRU缓存的复杂度分析应围绕关键操作展开。一般可关注：get O(1)；put O(1)。适用场景：缓存淘汰。判断能否使用该结构或算法时，必须检查输入规模、数据分布、是否有序、是否允许额外空间、是否要求稳定性等条件。,复杂度|适用场景|高级结构与工程应用,提高,原创课程资料
DS-CHUNK-00320,LRU缓存：易错点与诊断问题,高级结构与工程应用,LRU缓存,学习LRU缓存时常见问题包括：概念条件记忆不完整、边界条件处理不严谨、复杂度只背结论不解释原因、与相似知识点混淆。诊断时可追问：它的输入条件是什么？核心操作是什么？最坏情况如何出现？与相近结构相比优势和代价分别是什么？,易错点|诊断|高级结构与工程应用,诊断,原创课程资料
DS-CHUNK-00321,布隆过滤器：定义与核心思想,高级结构与工程应用,布隆过滤器,布隆过滤器的核心定义：布隆过滤器是一种空间效率高的概率型集合结构，可判断元素一定不存在或可能存在。 学习时需要区分它的逻辑结构和存储结构，并说明它解决了什么问题。,定义|核心概念|高级结构与工程应用,基础,原创课程资料
DS-CHUNK-00322,布隆过滤器：复杂度与适用场景,高级结构与工程应用,布隆过滤器,布隆过滤器的复杂度分析应围绕关键操作展开。一般可关注：需要结合具体操作分析；需要结合具体实现分析。适用场景：课程练习与工程场景。判断能否使用该结构或算法时，必须检查输入规模、数据分布、是否有序、是否允许额外空间、是否要求稳定性等条件。,复杂度|适用场景|高级结构与工程应用,提高,原创课程资料
DS-CHUNK-00323,布隆过滤器：易错点与诊断问题,高级结构与工程应用,布隆过滤器,学习布隆过滤器时常见问题包括：概念条件记忆不完整、边界条件处理不严谨、复杂度只背结论不解释原因、与相似知识点混淆。诊断时可追问：它的输入条件是什么？核心操作是什么？最坏情况如何出现？与相近结构相比优势和代价分别是什么？,易错点|诊断|高级结构与工程应用,诊断,原创课程资料
DS-CHUNK-00324,倒排索引：定义与核心思想,高级结构与工程应用,倒排索引,倒排索引的核心定义：倒排索引建立词项到文档集合的映射，是搜索引擎和文本检索系统的重要基础结构。 学习时需要区分它的逻辑结构和存储结构，并说明它解决了什么问题。,定义|核心概念|高级结构与工程应用,基础,原创课程资料
DS-CHUNK-00325,倒排索引：复杂度与适用场景,高级结构与工程应用,倒排索引,倒排索引的复杂度分析应围绕关键操作展开。一般可关注：需要结合具体操作分析；需要结合具体实现分析。适用场景：课程练习与工程场景。判断能否使用该结构或算法时，必须检查输入规模、数据分布、是否有序、是否允许额外空间、是否要求稳定性等条件。,复杂度|适用场景|高级结构与工程应用,提高,原创课程资料
DS-CHUNK-00326,倒排索引：易错点与诊断问题,高级结构与工程应用,倒排索引,学习倒排索引时常见问题包括：概念条件记忆不完整、边界条件处理不严谨、复杂度只背结论不解释原因、与相似知识点混淆。诊断时可追问：它的输入条件是什么？核心操作是什么？最坏情况如何出现？与相近结构相比优势和代价分别是什么？,易错点|诊断|高级结构与工程应用,诊断,原创课程资料
